-- phpMyAdmin SQL Dump
-- version 5.2.0
-- https://www.phpmyadmin.net/
--
-- Host: localhost
-- Generation Time: Mar 06, 2023 at 11:48 AM
-- Server version: 10.4.27-MariaDB
-- PHP Version: 8.2.0

SET SQL_MODE = "NO_AUTO_VALUE_ON_ZERO";
START TRANSACTION;
SET time_zone = "+00:00";


/*!40101 SET @OLD_CHARACTER_SET_CLIENT=@@CHARACTER_SET_CLIENT */;
/*!40101 SET @OLD_CHARACTER_SET_RESULTS=@@CHARACTER_SET_RESULTS */;
/*!40101 SET @OLD_COLLATION_CONNECTION=@@COLLATION_CONNECTION */;
/*!40101 SET NAMES utf8mb4 */;

--
-- Database: `parkonichomeservices`
--

-- --------------------------------------------------------

--
-- Table structure for table `admin`
--

CREATE TABLE `admin` (
  `id` int(11) NOT NULL,
  `name` varchar(200) NOT NULL,
  `email` varchar(200) NOT NULL,
  `password` varchar(255) NOT NULL,
  `remember_token` varchar(100) CHARACTER SET utf8mb4 COLLATE utf8mb4_unicode_ci DEFAULT NULL,
  `created_at` datetime DEFAULT NULL,
  `updated_at` datetime DEFAULT NULL
) ENGINE=InnoDB DEFAULT CHARSET=utf8mb4 COLLATE=utf8mb4_general_ci;

--
-- Dumping data for table `admin`
--

INSERT INTO `admin` (`id`, `name`, `email`, `password`, `remember_token`, `created_at`, `updated_at`) VALUES
(1, 'Yahya Bakleh', 'bakleh99yahya@gmail.com', '$2y$10$xNX6..3YUF1Nr0eL8vVQAeGePFpopA5iiriJqytcxmF7U80YAkF7O', '', '2023-01-17 06:18:29', '2023-01-17 06:18:29'),
(2, 'kamal', 'kamal@gmail.com', '$2y$10$xNX6..3YUF1Nr0eL8vVQAeGePFpopA5iiriJqytcxmF7U80YAkF7O', NULL, '2023-01-25 12:48:21', '2023-01-25 12:48:21');

-- --------------------------------------------------------

--
-- Table structure for table `areas`
--

CREATE TABLE `areas` (
  `id` int(11) NOT NULL,
  `name` varchar(255) DEFAULT NULL,
  `created_at` datetime DEFAULT NULL,
  `updated_at` datetime DEFAULT NULL
) ENGINE=InnoDB DEFAULT CHARSET=utf8mb4 COLLATE=utf8mb4_general_ci;

--
-- Dumping data for table `areas`
--

INSERT INTO `areas` (`id`, `name`, `created_at`, `updated_at`) VALUES
(1, 'jlt', '2023-02-02 08:05:58', '2023-02-02 00:00:00'),
(2, 'Dmcc', NULL, NULL),
(3, 'Central points', NULL, '2023-02-05 11:59:49'),
(4, 'ibn batota', NULL, NULL),
(5, 'Gardens', NULL, NULL),
(6, 'marina', NULL, NULL),
(7, 'jumira', NULL, NULL),
(8, 'jvc', NULL, NULL),
(9, 'union', NULL, NULL),
(10, 'others', NULL, NULL),
(12, 'news', '2023-02-12 12:02:51', '2023-02-12 12:02:51');

-- --------------------------------------------------------

--
-- Table structure for table `building`
--

CREATE TABLE `building` (
  `id` int(11) NOT NULL,
  `name` varchar(255) NOT NULL,
  `location` varchar(255) NOT NULL,
  `area_id` int(11) NOT NULL,
  `parkonic_residantial` int(11) NOT NULL DEFAULT 0,
  `updated_at` datetime DEFAULT NULL,
  `created_at` datetime DEFAULT NULL
) ENGINE=InnoDB DEFAULT CHARSET=utf8mb4 COLLATE=utf8mb4_general_ci;

--
-- Dumping data for table `building`
--

INSERT INTO `building` (`id`, `name`, `location`, `area_id`, `parkonic_residantial`, `updated_at`, `created_at`) VALUES
(1, 'G tower', 'jvc', 1, 0, '2023-03-05 11:28:06', '2023-01-12 14:53:19'),
(2, 'HDS', 'jlt', 1, 0, '2023-03-02 04:15:10', '2023-01-16 08:20:18'),
(3, 'f tower', 'jvc', 1, 0, '2023-03-02 04:14:31', NULL),
(5, 't tower', 't area', 1, 0, NULL, NULL),
(6, 'n tawer', 'n area', 1, 0, NULL, NULL),
(7, 's tawer', 's area', 1, 0, NULL, NULL),
(8, 'k tower', 'k area', 1, 0, '2023-03-02 04:15:50', NULL),
(9, 'y tower', 'y area', 1, 0, NULL, NULL),
(10, 'g building', 's area', 1, 0, '2023-03-02 04:14:44', NULL),
(12, 'b tower', 'b area', 1, 1, '2023-03-02 04:14:20', NULL),
(13, 't tower', 't area', 1, 0, NULL, NULL),
(14, 'n tawer', 'n area', 1, 0, NULL, NULL),
(15, 's tawer', 's area', 1, 0, NULL, NULL),
(16, 'k tower', 'k area', 1, 0, NULL, NULL),
(17, 'y tower', 'y area', 1, 0, NULL, NULL),
(19, 'news', '...', 1, 0, '2023-01-19 05:37:37', '2023-01-19 05:37:37'),
(20, 'wwwwwwww', 'wwwww', 1, 0, '2023-01-19 05:40:47', '2023-01-19 05:40:47'),
(21, 'news', 'wwwww', 3, 0, '2023-02-05 13:45:32', '2023-02-05 13:45:32'),
(22, 'rrtrtrtrtrtrt', '...qewrwerwdf', 8, 0, '2023-02-05 13:46:37', '2023-02-05 13:46:37'),
(23, 'asdfasdasd', 'asdasdawd', 3, 1, '2023-03-02 04:14:08', '2023-02-05 13:47:43'),
(24, 'HDS', 'DMCC', 2, 1, '2023-03-02 04:15:24', '2023-02-26 08:14:03'),
(25, 'HDS', 'DMCC', 2, 1, '2023-03-02 04:15:38', '2023-02-26 08:20:51'),
(26, 'HDS', 'DMCC', 2, 1, '2023-03-02 04:13:54', '2023-02-26 08:21:38');

-- --------------------------------------------------------

--
-- Table structure for table `building_services`
--

CREATE TABLE `building_services` (
  `id` int(11) NOT NULL,
  `building_id` int(11) NOT NULL,
  `service_id` int(11) NOT NULL,
  `created_at` datetime DEFAULT NULL,
  `updated_at` datetime DEFAULT NULL
) ENGINE=InnoDB DEFAULT CHARSET=utf8mb4 COLLATE=utf8mb4_general_ci;

--
-- Dumping data for table `building_services`
--

INSERT INTO `building_services` (`id`, `building_id`, `service_id`, `created_at`, `updated_at`) VALUES
(6, 26, 1, '2023-03-02 04:13:54', '2023-03-02 04:13:54'),
(7, 26, 2, '2023-03-02 04:13:54', '2023-03-02 04:13:54'),
(8, 26, 3, '2023-03-02 04:13:54', '2023-03-02 04:13:54'),
(9, 26, 11, '2023-03-02 04:13:54', '2023-03-02 04:13:54'),
(10, 26, 12, '2023-03-02 04:13:54', '2023-03-02 04:13:54'),
(11, 23, 1, '2023-03-02 04:14:08', '2023-03-02 04:14:08'),
(12, 23, 2, '2023-03-02 04:14:08', '2023-03-02 04:14:08'),
(13, 23, 3, '2023-03-02 04:14:08', '2023-03-02 04:14:08'),
(14, 23, 11, '2023-03-02 04:14:08', '2023-03-02 04:14:08'),
(15, 23, 12, '2023-03-02 04:14:08', '2023-03-02 04:14:08'),
(16, 12, 1, '2023-03-02 04:14:20', '2023-03-02 04:14:20'),
(17, 12, 2, '2023-03-02 04:14:20', '2023-03-02 04:14:20'),
(18, 12, 3, '2023-03-02 04:14:20', '2023-03-02 04:14:20'),
(19, 12, 11, '2023-03-02 04:14:20', '2023-03-02 04:14:20'),
(20, 12, 12, '2023-03-02 04:14:20', '2023-03-02 04:14:20'),
(21, 3, 1, '2023-03-02 04:14:31', '2023-03-02 04:14:31'),
(22, 3, 2, '2023-03-02 04:14:31', '2023-03-02 04:14:31'),
(23, 3, 3, '2023-03-02 04:14:31', '2023-03-02 04:14:31'),
(24, 3, 11, '2023-03-02 04:14:31', '2023-03-02 04:14:31'),
(25, 3, 12, '2023-03-02 04:14:31', '2023-03-02 04:14:31'),
(26, 10, 1, '2023-03-02 04:14:44', '2023-03-02 04:14:44'),
(27, 10, 2, '2023-03-02 04:14:44', '2023-03-02 04:14:44'),
(28, 10, 3, '2023-03-02 04:14:44', '2023-03-02 04:14:44'),
(29, 10, 11, '2023-03-02 04:14:44', '2023-03-02 04:14:44'),
(30, 10, 12, '2023-03-02 04:14:44', '2023-03-02 04:14:44'),
(36, 2, 1, '2023-03-02 04:15:10', '2023-03-02 04:15:10'),
(37, 2, 2, '2023-03-02 04:15:10', '2023-03-02 04:15:10'),
(38, 2, 3, '2023-03-02 04:15:10', '2023-03-02 04:15:10'),
(39, 2, 11, '2023-03-02 04:15:10', '2023-03-02 04:15:10'),
(40, 2, 12, '2023-03-02 04:15:10', '2023-03-02 04:15:10'),
(41, 24, 1, '2023-03-02 04:15:24', '2023-03-02 04:15:24'),
(42, 24, 2, '2023-03-02 04:15:24', '2023-03-02 04:15:24'),
(43, 24, 3, '2023-03-02 04:15:24', '2023-03-02 04:15:24'),
(44, 24, 11, '2023-03-02 04:15:24', '2023-03-02 04:15:24'),
(45, 24, 12, '2023-03-02 04:15:24', '2023-03-02 04:15:24'),
(46, 25, 1, '2023-03-02 04:15:38', '2023-03-02 04:15:38'),
(47, 25, 2, '2023-03-02 04:15:38', '2023-03-02 04:15:38'),
(48, 25, 3, '2023-03-02 04:15:38', '2023-03-02 04:15:38'),
(49, 25, 11, '2023-03-02 04:15:38', '2023-03-02 04:15:38'),
(50, 25, 12, '2023-03-02 04:15:38', '2023-03-02 04:15:38'),
(51, 8, 1, '2023-03-02 04:15:50', '2023-03-02 04:15:50'),
(52, 8, 2, '2023-03-02 04:15:50', '2023-03-02 04:15:50'),
(53, 8, 3, '2023-03-02 04:15:50', '2023-03-02 04:15:50'),
(54, 8, 11, '2023-03-02 04:15:50', '2023-03-02 04:15:50'),
(55, 8, 12, '2023-03-02 04:15:50', '2023-03-02 04:15:50'),
(61, 1, 1, '2023-03-05 11:28:06', '2023-03-05 11:28:06'),
(62, 1, 2, '2023-03-05 11:28:06', '2023-03-05 11:28:06'),
(63, 1, 3, '2023-03-05 11:28:06', '2023-03-05 11:28:06'),
(64, 1, 11, '2023-03-05 11:28:06', '2023-03-05 11:28:06'),
(65, 1, 12, '2023-03-05 11:28:06', '2023-03-05 11:28:06');

-- --------------------------------------------------------

--
-- Table structure for table `cars`
--

CREATE TABLE `cars` (
  `id` bigint(20) UNSIGNED NOT NULL,
  `type` varchar(255) NOT NULL,
  `user_id` bigint(20) UNSIGNED NOT NULL,
  `plate_number` varchar(255) NOT NULL,
  `emirate` varchar(255) DEFAULT NULL,
  `plate_code` varchar(255) DEFAULT NULL,
  `created_at` datetime DEFAULT NULL,
  `updated_at` datetime DEFAULT NULL
) ENGINE=InnoDB DEFAULT CHARSET=utf8mb4 COLLATE=utf8mb4_general_ci;

--
-- Dumping data for table `cars`
--

INSERT INTO `cars` (`id`, `type`, `user_id`, `plate_number`, `emirate`, `plate_code`, `created_at`, `updated_at`) VALUES
(67, 'suv', 116, '12312', 'Dubai', 'v', '2023-02-22 11:48:04', '2023-02-22 11:48:04'),
(68, 'Sedan', 118, '1446', 'Sharjah', '1446', '2023-02-23 11:21:13', '2023-02-23 11:21:13'),
(69, 'Hatchback', 118, '432', 'Abu Dhabi', '432', '2023-02-23 12:02:46', '2023-02-23 12:02:46'),
(70, 'Sedan', 118, '2324', 'Sharjah', '2324', '2023-02-26 07:36:42', '2023-02-26 07:36:42');

-- --------------------------------------------------------

--
-- Table structure for table `categories`
--

CREATE TABLE `categories` (
  `id` int(11) NOT NULL,
  `services_id` int(11) NOT NULL,
  `name` varchar(255) NOT NULL,
  `picture_url` varchar(255) DEFAULT NULL,
  `picture_path` varchar(255) DEFAULT NULL,
  `discription` varchar(255) DEFAULT NULL,
  `created_at` datetime NOT NULL,
  `updated_at` datetime NOT NULL
) ENGINE=InnoDB DEFAULT CHARSET=utf8mb4 COLLATE=utf8mb4_general_ci;

--
-- Dumping data for table `categories`
--

INSERT INTO `categories` (`id`, `services_id`, `name`, `picture_url`, `picture_path`, `discription`, `created_at`, `updated_at`) VALUES
(1, 1, 'packages', 'http://192.168.20.242/parkonicHomeServices/public/categories_images/1675753378.png', '/categories_images/Image_a.png', 'now we give new services/but here we give the same services', '2023-01-22 09:30:32', '2023-01-22 09:30:32'),
(2, 1, 'Extirior', 'http://192.168.20.242/parkonicHomeServices/public/categories_images/Image_b.png', '/categories_images/Image_b.png', 'we provide multiple services/second of all ', '2023-01-24 08:36:26', '2023-01-24 08:36:26'),
(4, 1, 'interior', 'http://192.168.20.242/parkonicHomeServices/public/categories_images/Image_c.png', '/categories_images/Image_c.png', 'thired/fifth', '2023-01-24 12:47:14', '2023-01-24 13:19:47'),
(5, 1, 'add ons', 'http://192.168.20.242/parkonicHomeServices/public/categories_images/Image_e.png', '/categories_images/1675753378.png', 'non paid service/paid services', '2023-01-26 11:04:08', '2023-02-07 07:02:58'),
(7, 3, 'test', 'http://192.168.20.242:8000/api/category-picture/7', '/categories_images/1676376063.png', 'test/test', '2023-02-14 12:01:03', '2023-02-14 12:01:03'),
(8, 2, 'tfffff', 'http://192.168.20.242:8000/api/category-picture/8', '/categories_images/1676376121.png', 'asdassdasd/asdasdasdasd/asdasdasd', '2023-02-14 12:02:01', '2023-02-14 12:02:01'),
(9, 3, 'Full Gas', 'http://192.168.20.242:8000/api/category-picture/9', '/categories_images/1677477908.jpeg', 'provide fulling your car with gas/asdasdasd', '2023-02-27 06:05:08', '2023-02-27 06:05:08'),
(10, 11, 'one hand made', 'http://192.168.20.242:8000/api/category-picture/10', '/categories_images/1677478220.jpeg', '1/2', '2023-02-27 06:10:20', '2023-02-27 06:10:20'),
(11, 12, 'SUV', 'http://192.168.20.242:8000/api/category-picture/11', '/categories_images/1677669858.png', 'family car/big sized car', '2023-03-01 11:24:18', '2023-03-01 11:24:18'),
(12, 12, 'Sports Car', 'http://192.168.20.242:8000/api/category-picture/12', '/categories_images/1677669963.png', 'Fast car/good looking car', '2023-03-01 11:26:03', '2023-03-01 11:26:03'),
(13, 12, 'Sedan', 'http://192.168.20.242:8000/api/category-picture/13', '/categories_images/1677670026.png', 'regular car/gas saving car', '2023-03-01 11:27:06', '2023-03-01 11:27:06'),
(14, 12, 'Luxury', 'http://192.168.20.242:8000/api/category-picture/14', '/categories_images/1677670120.png', 'Comfortable car/reach people car', '2023-03-01 11:28:40', '2023-03-01 11:28:40');

-- --------------------------------------------------------

--
-- Table structure for table `config`
--

CREATE TABLE `config` (
  `id` int(11) NOT NULL,
  `locker_charge_for_services` varchar(255) NOT NULL DEFAULT '0',
  `show_staff` int(11) NOT NULL DEFAULT 0
) ENGINE=InnoDB DEFAULT CHARSET=utf8mb4 COLLATE=utf8mb4_general_ci;

--
-- Dumping data for table `config`
--

INSERT INTO `config` (`id`, `locker_charge_for_services`, `show_staff`) VALUES
(1, '10', 0);

-- --------------------------------------------------------

--
-- Table structure for table `failed_jobs`
--

CREATE TABLE `failed_jobs` (
  `id` bigint(20) UNSIGNED NOT NULL,
  `uuid` varchar(255) NOT NULL,
  `connection` text NOT NULL,
  `queue` text NOT NULL,
  `payload` longtext NOT NULL,
  `exception` longtext NOT NULL,
  `failed_at` timestamp NOT NULL DEFAULT current_timestamp()
) ENGINE=InnoDB DEFAULT CHARSET=utf8mb4 COLLATE=utf8mb4_unicode_ci;

-- --------------------------------------------------------

--
-- Table structure for table `locker`
--

CREATE TABLE `locker` (
  `id` int(11) NOT NULL,
  `number` varchar(255) NOT NULL,
  `building_id` int(11) NOT NULL,
  `created_at` datetime DEFAULT NULL,
  `updated_at` datetime DEFAULT NULL
) ENGINE=InnoDB DEFAULT CHARSET=utf8mb4 COLLATE=utf8mb4_general_ci;

-- --------------------------------------------------------

--
-- Table structure for table `locker_user`
--

CREATE TABLE `locker_user` (
  `id` bigint(20) NOT NULL,
  `locker_id` int(11) NOT NULL,
  `user_id` bigint(20) UNSIGNED NOT NULL,
  `start_date` date DEFAULT NULL,
  `end_date` date DEFAULT NULL,
  `pin` varchar(255) DEFAULT NULL,
  `qr_code` varchar(255) DEFAULT NULL,
  `created_at` datetime DEFAULT NULL,
  `updated_at` datetime DEFAULT NULL
) ENGINE=InnoDB DEFAULT CHARSET=utf8mb4 COLLATE=utf8mb4_general_ci;

-- --------------------------------------------------------

--
-- Table structure for table `migrations`
--

CREATE TABLE `migrations` (
  `id` int(10) UNSIGNED NOT NULL,
  `migration` varchar(255) NOT NULL,
  `batch` int(11) NOT NULL
) ENGINE=InnoDB DEFAULT CHARSET=utf8mb4 COLLATE=utf8mb4_unicode_ci;

--
-- Dumping data for table `migrations`
--

INSERT INTO `migrations` (`id`, `migration`, `batch`) VALUES
(1, '2014_10_12_000000_create_users_table', 1),
(2, '2014_10_12_100000_create_password_resets_table', 1),
(3, '2019_08_19_000000_create_failed_jobs_table', 1),
(4, '2019_12_14_000001_create_personal_access_tokens_table', 1),
(5, '2022_12_22_172801_create_users_verify_table', 2);

-- --------------------------------------------------------

--
-- Table structure for table `notificationMangment`
--

CREATE TABLE `notificationMangment` (
  `id` int(11) NOT NULL,
  `event` varchar(255) NOT NULL,
  `notify` int(11) NOT NULL,
  `created_at` datetime DEFAULT NULL,
  `updated_at` datetime DEFAULT NULL
) ENGINE=InnoDB DEFAULT CHARSET=utf8mb4 COLLATE=utf8mb4_general_ci;

--
-- Dumping data for table `notificationMangment`
--

INSERT INTO `notificationMangment` (`id`, `event`, `notify`, `created_at`, `updated_at`) VALUES
(1, 'services', 1, NULL, '2023-03-01 08:44:48'),
(2, 'categories', 1, NULL, '2023-03-01 08:44:48'),
(3, 'subservices', 1, NULL, '2023-03-01 08:44:48'),
(4, 'area', 1, NULL, '2023-03-01 08:44:48'),
(5, 'promotion', 1, NULL, '2023-03-01 08:44:48'),
(6, 'building', 1, NULL, '2023-03-01 08:44:48');

-- --------------------------------------------------------

--
-- Table structure for table `notifications`
--

CREATE TABLE `notifications` (
  `id` int(11) NOT NULL,
  `user_id` int(11) NOT NULL,
  `title` int(11) NOT NULL,
  `message` int(11) NOT NULL,
  `created_at` int(11) NOT NULL,
  `updated_at` int(11) NOT NULL
) ENGINE=InnoDB DEFAULT CHARSET=utf8mb4 COLLATE=utf8mb4_general_ci;

-- --------------------------------------------------------

--
-- Table structure for table `orders`
--

CREATE TABLE `orders` (
  `id` int(11) NOT NULL,
  `user_id` bigint(20) UNSIGNED NOT NULL,
  `service_id` int(11) NOT NULL,
  `total_price` varchar(255) NOT NULL DEFAULT '0',
  `discount` int(11) NOT NULL DEFAULT 0,
  `is_promotion` int(11) NOT NULL DEFAULT 0,
  `payment_status` int(11) NOT NULL DEFAULT 1,
  `reference_number` varchar(255) DEFAULT NULL,
  `number_of_dates` int(11) NOT NULL DEFAULT 1,
  `special_number` varchar(255) DEFAULT NULL,
  `created_at` datetime DEFAULT NULL,
  `updated_at` datetime NOT NULL
) ENGINE=InnoDB DEFAULT CHARSET=utf8mb4 COLLATE=utf8mb4_general_ci;

--
-- Dumping data for table `orders`
--

INSERT INTO `orders` (`id`, `user_id`, `service_id`, `total_price`, `discount`, `is_promotion`, `payment_status`, `reference_number`, `number_of_dates`, `special_number`, `created_at`, `updated_at`) VALUES
(180, 118, 1, '26.0', 0, 0, 1, NULL, 0, 'WXVQ8LVD', '2023-03-05 10:14:47', '2023-03-05 10:14:47'),
(181, 118, 1, '26.0', 0, 0, 1, NULL, 0, 'PWABXTON', '2023-03-05 10:17:46', '2023-03-05 10:17:46'),
(182, 118, 2, '110.0', 0, 0, 1, NULL, 0, 'N63RUKRA', '2023-03-05 10:34:00', '2023-03-05 10:34:00'),
(183, 118, 2, '105.0', 0, 0, 1, NULL, 0, 'AC30YDEO', '2023-03-05 10:35:35', '2023-03-05 10:35:35'),
(184, 118, 12, '105.0', 0, 0, 1, NULL, 0, 'ZD6LVYA5', '2023-03-05 10:55:51', '2023-03-05 10:55:51'),
(185, 118, 1, '26.0', 0, 0, 1, NULL, 0, 'CE7MO0B3', '2023-03-05 13:13:23', '2023-03-05 13:13:23'),
(186, 118, 1, '26.0', 0, 0, 1, NULL, 0, 'MB6I0CBW', '2023-03-05 13:13:36', '2023-03-05 13:13:36'),
(187, 118, 1, '26.0', 0, 0, 1, NULL, 0, 'BB8WEUNN', '2023-03-05 13:14:05', '2023-03-05 13:14:05'),
(188, 118, 1, '26.0', 0, 0, 1, NULL, 0, 'E4XN2JC7', '2023-03-05 13:14:39', '2023-03-05 13:14:39'),
(189, 118, 1, '26.0', 0, 0, 1, NULL, 0, 'CS0QI3BA', '2023-03-05 13:37:46', '2023-03-05 13:37:46'),
(190, 118, 1, '26.0', 0, 0, 1, NULL, 0, 'YBXTX45W', '2023-03-05 13:40:45', '2023-03-05 13:40:45'),
(191, 118, 1, '26.0', 0, 0, 1, NULL, 0, 'KFIKN8OW', '2023-03-05 13:40:54', '2023-03-05 13:40:54'),
(192, 118, 1, '26.0', 0, 0, 1, NULL, 0, 'OBGKQEAG', '2023-03-06 08:28:23', '2023-03-06 08:28:23'),
(193, 118, 12, '105.0', 0, 0, 1, NULL, 0, 'QPE4LAP5', '2023-03-06 08:30:50', '2023-03-06 08:30:50'),
(194, 118, 12, '105.0', 0, 0, 1, NULL, 0, 'MJ0OJ6BL', '2023-03-06 08:30:56', '2023-03-06 08:30:56'),
(195, 118, 12, '110.0', 0, 0, 1, NULL, 0, 'PZC5DIGY', '2023-03-06 08:35:48', '2023-03-06 08:35:48'),
(196, 118, 12, '110.0', 0, 0, 1, NULL, 0, 'E2IJKC5I', '2023-03-06 08:35:50', '2023-03-06 08:35:50'),
(197, 118, 12, '110.0', 0, 0, 1, NULL, 0, 'MCDMP4VP', '2023-03-06 08:35:52', '2023-03-06 08:35:52'),
(198, 118, 12, '110.0', 0, 0, 1, NULL, 0, '0GZKLUF3', '2023-03-06 08:36:14', '2023-03-06 08:36:14'),
(199, 118, 12, '110.0', 0, 0, 1, NULL, 0, 'HZ5TKMG9', '2023-03-06 08:36:17', '2023-03-06 08:36:17'),
(200, 118, 12, '110.0', 0, 0, 1, NULL, 0, 'UWWZOBJ1', '2023-03-06 08:37:19', '2023-03-06 08:37:19'),
(201, 118, 1, '200', 1, 0, 1, NULL, 1, 'GA8BFUXM', '2023-03-06 08:39:36', '2023-03-06 08:39:36'),
(202, 118, 1, '200', 1, 0, 1, NULL, 1, 'KPJWBBUA', '2023-03-06 08:41:10', '2023-03-06 08:41:10'),
(203, 118, 12, '110.0', 0, 0, 1, NULL, 0, 'VTCPPZBD', '2023-03-06 08:52:42', '2023-03-06 08:52:42'),
(204, 118, 12, '110.0', 0, 0, 1, NULL, 0, 'V6RR8PSK', '2023-03-06 08:52:49', '2023-03-06 08:52:49'),
(205, 118, 12, '110.0', 0, 0, 1, NULL, 0, 'OFR9JF9D', '2023-03-06 08:53:39', '2023-03-06 08:53:39'),
(206, 118, 12, '110.0', 0, 0, 1, NULL, 0, 'O4MSSBT1', '2023-03-06 08:54:27', '2023-03-06 08:54:27'),
(207, 118, 12, '110.0', 0, 0, 1, NULL, 0, 'FD8RRR8G', '2023-03-06 08:55:01', '2023-03-06 08:55:01'),
(208, 118, 12, '110.0', 0, 0, 1, NULL, 0, 'TEBVQUHS', '2023-03-06 08:57:30', '2023-03-06 08:57:30'),
(209, 118, 12, '110.0', 0, 0, 1, NULL, 0, 'CKEYHBG4', '2023-03-06 08:57:35', '2023-03-06 08:57:35'),
(210, 118, 12, '110.0', 0, 0, 1, NULL, 0, 'ATADF96C', '2023-03-06 08:58:39', '2023-03-06 08:58:39'),
(211, 118, 1, '26.0', 0, 0, 1, NULL, 0, '6DMVNAWV', '2023-03-06 09:02:50', '2023-03-06 09:02:50'),
(212, 118, 1, '26.0', 0, 0, 1, NULL, 0, 'IPFXAATG', '2023-03-06 09:02:54', '2023-03-06 09:02:54'),
(213, 118, 1, '200', 1, 0, 1, NULL, 1, 'TVIGIL2D', '2023-03-06 09:05:05', '2023-03-06 09:05:05'),
(214, 118, 12, '105.0', 0, 0, 1, NULL, 0, 'DMO8LGZ4', '2023-03-06 09:07:17', '2023-03-06 09:07:17'),
(215, 118, 12, '105.0', 0, 0, 1, NULL, 0, 'OAN3TUPE', '2023-03-06 09:07:31', '2023-03-06 09:07:31'),
(216, 118, 12, '105.0', 0, 0, 1, NULL, 0, 'FSRSP0F7', '2023-03-06 09:07:33', '2023-03-06 09:07:33'),
(217, 118, 12, '105.0', 0, 0, 1, NULL, 0, 'FYJY5EMA', '2023-03-06 09:07:35', '2023-03-06 09:07:35'),
(218, 118, 12, '105.0', 0, 0, 1, NULL, 0, 'QZLRQ1RD', '2023-03-06 09:07:36', '2023-03-06 09:07:36'),
(219, 118, 12, '105.0', 0, 0, 1, NULL, 0, 'A9IJ9G4I', '2023-03-06 09:07:39', '2023-03-06 09:07:39'),
(220, 118, 1, '200', 1, 0, 1, NULL, 1, 'EV0KNCB6', '2023-03-06 10:20:39', '2023-03-06 10:20:39'),
(221, 118, 12, '105.0', 0, 0, 1, NULL, 0, '98XUA0TG', '2023-03-06 10:21:56', '2023-03-06 10:21:56'),
(222, 118, 12, '105.0', 0, 0, 1, NULL, 0, 'JK4PKIIM', '2023-03-06 10:22:22', '2023-03-06 10:22:22'),
(223, 118, 12, '105.0', 0, 0, 1, NULL, 0, '0M8D8EU9', '2023-03-06 10:22:24', '2023-03-06 10:22:24'),
(224, 118, 12, '105.0', 0, 0, 1, NULL, 0, 'J0ZA0MHV', '2023-03-06 10:22:49', '2023-03-06 10:22:49'),
(225, 118, 12, '105.0', 0, 0, 1, NULL, 0, '5YYWBK1F', '2023-03-06 10:22:55', '2023-03-06 10:22:55'),
(226, 118, 12, '105.0', 0, 0, 1, NULL, 0, 'ECEXGNBH', '2023-03-06 10:22:57', '2023-03-06 10:22:57'),
(227, 118, 12, '105.0', 0, 0, 1, NULL, 0, '3LGGXV33', '2023-03-06 10:28:18', '2023-03-06 10:28:18'),
(228, 118, 12, '110.0', 0, 0, 1, NULL, 0, 'PWYLLHYT', '2023-03-06 10:33:54', '2023-03-06 10:33:54'),
(229, 118, 1, '200', 1, 0, 1, NULL, 1, 'OFM3YF7D', '2023-03-06 10:34:50', '2023-03-06 10:34:50'),
(230, 118, 12, '105.0', 0, 0, 1, NULL, 0, 'S4BG1RAC', '2023-03-06 10:36:07', '2023-03-06 10:36:07'),
(231, 118, 12, '105.0', 0, 0, 1, NULL, 0, 'UXSWZUGI', '2023-03-06 10:37:09', '2023-03-06 10:37:09'),
(232, 118, 12, '105.0', 0, 0, 1, NULL, 0, 'AE6JAEG8', '2023-03-06 10:42:04', '2023-03-06 10:42:04'),
(233, 118, 12, '105.0', 0, 0, 1, NULL, 0, 'M5TYGQBY', '2023-03-06 10:44:18', '2023-03-06 10:44:18');

-- --------------------------------------------------------

--
-- Table structure for table `order_date_time`
--

CREATE TABLE `order_date_time` (
  `id` int(11) NOT NULL,
  `order_detail_id` int(11) NOT NULL,
  `date` date DEFAULT NULL,
  `time_from` time DEFAULT NULL,
  `time_to` time DEFAULT NULL,
  `status` int(11) NOT NULL DEFAULT 0,
  `created_at` datetime DEFAULT NULL,
  `updated_at` datetime DEFAULT NULL
) ENGINE=InnoDB DEFAULT CHARSET=utf8mb4 COLLATE=utf8mb4_general_ci;

--
-- Dumping data for table `order_date_time`
--

INSERT INTO `order_date_time` (`id`, `order_detail_id`, `date`, `time_from`, `time_to`, `status`, `created_at`, `updated_at`) VALUES
(209, 157, '2023-03-23', '15:00:00', '00:00:00', 0, '2023-03-05 10:14:47', '2023-03-05 10:14:47'),
(210, 157, '2023-03-17', '15:00:00', '00:00:00', 0, '2023-03-05 10:14:47', '2023-03-05 10:14:47'),
(211, 157, '2023-03-21', '15:00:00', '00:00:00', 0, '2023-03-05 10:14:47', '2023-03-05 10:14:47'),
(212, 158, '2023-03-23', '15:00:00', '00:00:00', 0, '2023-03-05 10:17:46', '2023-03-05 10:17:46'),
(213, 158, '2023-03-17', '15:00:00', '00:00:00', 0, '2023-03-05 10:17:46', '2023-03-05 10:17:46'),
(214, 158, '2023-03-21', '15:00:00', '00:00:00', 0, '2023-03-05 10:17:46', '2023-03-05 10:17:46'),
(215, 159, '2023-03-16', '18:00:00', '00:00:00', 0, '2023-03-05 10:34:00', '2023-03-05 10:34:00'),
(216, 159, '2023-03-17', '18:00:00', '00:00:00', 0, '2023-03-05 10:34:00', '2023-03-05 10:34:00'),
(217, 159, '2023-03-22', '18:00:00', '00:00:00', 0, '2023-03-05 10:34:00', '2023-03-05 10:34:00'),
(218, 159, '2023-03-16', '18:00:00', '00:00:00', 0, '2023-03-05 10:34:00', '2023-03-05 10:34:00'),
(219, 160, '2023-03-16', '18:00:00', '00:00:00', 0, '2023-03-05 10:34:00', '2023-03-05 10:34:00'),
(220, 160, '2023-03-17', '18:00:00', '00:00:00', 0, '2023-03-05 10:34:00', '2023-03-05 10:34:00'),
(221, 160, '2023-03-22', '18:00:00', '00:00:00', 0, '2023-03-05 10:34:00', '2023-03-05 10:34:00'),
(222, 160, '2023-03-16', '18:00:00', '00:00:00', 0, '2023-03-05 10:34:00', '2023-03-05 10:34:00'),
(223, 161, '2023-03-05', '18:00:00', '00:00:00', 0, '2023-03-05 10:35:35', '2023-03-05 10:35:35'),
(224, 162, '2023-03-15', '15:00:00', '00:00:00', 0, '2023-03-05 10:55:51', '2023-03-05 10:55:51'),
(225, 163, '2023-03-15', '15:00:00', '00:00:00', 0, '2023-03-05 13:13:24', '2023-03-05 13:13:24'),
(226, 164, '2023-03-15', '15:00:00', '00:00:00', 0, '2023-03-05 13:13:36', '2023-03-05 13:13:36'),
(227, 165, '2023-03-15', '15:00:00', '00:00:00', 0, '2023-03-05 13:14:05', '2023-03-05 13:14:05'),
(228, 166, '2023-03-15', '15:00:00', '00:00:00', 0, '2023-03-05 13:14:39', '2023-03-05 13:14:39'),
(229, 167, '2023-03-15', '15:00:00', '00:00:00', 0, '2023-03-05 13:37:46', '2023-03-05 13:37:46'),
(230, 168, '2023-03-15', '15:00:00', '00:00:00', 0, '2023-03-05 13:40:45', '2023-03-05 13:40:45'),
(231, 169, '2023-03-15', '15:00:00', '00:00:00', 0, '2023-03-05 13:40:54', '2023-03-05 13:40:54'),
(232, 170, '2023-03-15', '15:00:00', '00:00:00', 0, '2023-03-06 08:28:23', '2023-03-06 08:28:23'),
(233, 171, '2023-03-06', '15:00:00', '00:00:00', 0, '2023-03-06 08:30:50', '2023-03-06 08:30:50'),
(234, 172, '2023-03-06', '15:00:00', '00:00:00', 0, '2023-03-06 08:30:56', '2023-03-06 08:30:56'),
(235, 173, '2023-03-23', '15:00:00', '00:00:00', 0, '2023-03-06 08:35:48', '2023-03-06 08:35:48'),
(236, 174, '2023-03-23', '15:00:00', '00:00:00', 0, '2023-03-06 08:35:50', '2023-03-06 08:35:50'),
(237, 175, '2023-03-23', '15:00:00', '00:00:00', 0, '2023-03-06 08:35:52', '2023-03-06 08:35:52'),
(238, 176, '2023-03-23', '15:00:00', '00:00:00', 0, '2023-03-06 08:36:14', '2023-03-06 08:36:14'),
(239, 177, '2023-03-23', '15:00:00', '00:00:00', 0, '2023-03-06 08:36:17', '2023-03-06 08:36:17'),
(240, 178, '2023-03-23', '15:00:00', '00:00:00', 0, '2023-03-06 08:37:19', '2023-03-06 08:37:19'),
(241, 179, '1970-01-01', '01:00:00', '12:00:00', 0, '2023-03-06 08:39:36', '2023-03-06 08:39:36'),
(242, 179, '2023-01-03', '01:00:00', '12:00:00', 0, '2023-03-06 08:39:36', '2023-03-06 08:39:36'),
(243, 179, '2023-01-03', '01:00:00', '12:00:00', 0, '2023-03-06 08:39:36', '2023-03-06 08:39:36'),
(244, 180, '2023-01-03', '01:00:00', '12:00:00', 0, '2023-03-06 08:39:36', '2023-03-06 08:39:36'),
(245, 180, '2023-01-03', '01:00:00', '12:00:00', 0, '2023-03-06 08:39:36', '2023-03-06 08:39:36'),
(246, 180, '2023-01-03', '01:00:00', '12:00:00', 0, '2023-03-06 08:39:36', '2023-03-06 08:39:36'),
(247, 181, '2023-01-03', '01:00:00', '12:00:00', 0, '2023-03-06 08:39:36', '2023-03-06 08:39:36'),
(248, 181, '2023-01-03', '01:00:00', '12:00:00', 0, '2023-03-06 08:39:36', '2023-03-06 08:39:36'),
(249, 181, '2023-01-03', '01:00:00', '12:00:00', 0, '2023-03-06 08:39:36', '2023-03-06 08:39:36'),
(250, 182, '1970-01-01', '01:00:00', '12:00:00', 0, '2023-03-06 08:41:10', '2023-03-06 08:41:10'),
(251, 182, '2023-01-03', '01:00:00', '12:00:00', 0, '2023-03-06 08:41:10', '2023-03-06 08:41:10'),
(252, 182, '2023-01-03', '01:00:00', '12:00:00', 0, '2023-03-06 08:41:10', '2023-03-06 08:41:10'),
(253, 183, '2023-01-03', '01:00:00', '12:00:00', 0, '2023-03-06 08:41:10', '2023-03-06 08:41:10'),
(254, 183, '2023-01-03', '01:00:00', '12:00:00', 0, '2023-03-06 08:41:10', '2023-03-06 08:41:10'),
(255, 183, '2023-01-03', '01:00:00', '12:00:00', 0, '2023-03-06 08:41:10', '2023-03-06 08:41:10'),
(256, 184, '2023-01-03', '01:00:00', '12:00:00', 0, '2023-03-06 08:41:10', '2023-03-06 08:41:10'),
(257, 184, '2023-01-03', '01:00:00', '12:00:00', 0, '2023-03-06 08:41:10', '2023-03-06 08:41:10'),
(258, 184, '2023-01-03', '01:00:00', '12:00:00', 0, '2023-03-06 08:41:10', '2023-03-06 08:41:10'),
(259, 185, '2023-03-15', '15:00:00', '00:00:00', 0, '2023-03-06 08:52:42', '2023-03-06 08:52:42'),
(260, 186, '2023-03-15', '15:00:00', '00:00:00', 0, '2023-03-06 08:52:49', '2023-03-06 08:52:49'),
(261, 187, '2023-03-15', '15:00:00', '00:00:00', 0, '2023-03-06 08:53:39', '2023-03-06 08:53:39'),
(262, 188, '2023-03-15', '15:00:00', '00:00:00', 0, '2023-03-06 08:54:27', '2023-03-06 08:54:27'),
(263, 189, '2023-03-15', '15:00:00', '00:00:00', 0, '2023-03-06 08:55:01', '2023-03-06 08:55:01'),
(264, 190, '2023-03-23', '15:00:00', '00:00:00', 0, '2023-03-06 08:57:30', '2023-03-06 08:57:30'),
(265, 191, '2023-03-23', '15:00:00', '00:00:00', 0, '2023-03-06 08:57:35', '2023-03-06 08:57:35'),
(266, 192, '2023-03-23', '15:00:00', '00:00:00', 0, '2023-03-06 08:58:39', '2023-03-06 08:58:39'),
(267, 193, '2023-03-16', '15:00:00', '00:00:00', 0, '2023-03-06 09:02:50', '2023-03-06 09:02:50'),
(268, 194, '2023-03-16', '15:00:00', '00:00:00', 0, '2023-03-06 09:02:54', '2023-03-06 09:02:54'),
(269, 195, '1970-01-01', '01:00:00', '12:00:00', 0, '2023-03-06 09:05:05', '2023-03-06 09:05:05'),
(270, 195, '2023-01-03', '01:00:00', '12:00:00', 0, '2023-03-06 09:05:05', '2023-03-06 09:05:05'),
(271, 195, '2023-01-03', '01:00:00', '12:00:00', 0, '2023-03-06 09:05:05', '2023-03-06 09:05:05'),
(272, 196, '2023-01-03', '01:00:00', '12:00:00', 0, '2023-03-06 09:05:05', '2023-03-06 09:05:05'),
(273, 196, '2023-01-03', '01:00:00', '12:00:00', 0, '2023-03-06 09:05:05', '2023-03-06 09:05:05'),
(274, 196, '2023-01-03', '01:00:00', '12:00:00', 0, '2023-03-06 09:05:05', '2023-03-06 09:05:05'),
(275, 197, '2023-01-03', '01:00:00', '12:00:00', 0, '2023-03-06 09:05:05', '2023-03-06 09:05:05'),
(276, 197, '2023-01-03', '01:00:00', '12:00:00', 0, '2023-03-06 09:05:05', '2023-03-06 09:05:05'),
(277, 197, '2023-01-03', '01:00:00', '12:00:00', 0, '2023-03-06 09:05:05', '2023-03-06 09:05:05'),
(278, 198, '2023-03-30', '15:00:00', '00:00:00', 0, '2023-03-06 09:07:17', '2023-03-06 09:07:17'),
(279, 199, '2023-03-30', '15:00:00', '00:00:00', 0, '2023-03-06 09:07:31', '2023-03-06 09:07:31'),
(280, 200, '2023-03-30', '15:00:00', '00:00:00', 0, '2023-03-06 09:07:33', '2023-03-06 09:07:33'),
(281, 201, '2023-03-30', '15:00:00', '00:00:00', 0, '2023-03-06 09:07:35', '2023-03-06 09:07:35'),
(282, 202, '2023-03-30', '15:00:00', '00:00:00', 0, '2023-03-06 09:07:36', '2023-03-06 09:07:36'),
(283, 203, '2023-03-30', '15:00:00', '00:00:00', 0, '2023-03-06 09:07:39', '2023-03-06 09:07:39'),
(284, 204, '1970-01-01', '01:00:00', '12:00:00', 0, '2023-03-06 10:20:39', '2023-03-06 10:20:39'),
(285, 204, '2023-01-03', '01:00:00', '12:00:00', 0, '2023-03-06 10:20:39', '2023-03-06 10:20:39'),
(286, 204, '2023-01-03', '01:00:00', '12:00:00', 0, '2023-03-06 10:20:39', '2023-03-06 10:20:39'),
(287, 205, '2023-01-03', '01:00:00', '12:00:00', 0, '2023-03-06 10:20:39', '2023-03-06 10:20:39'),
(288, 205, '2023-01-03', '01:00:00', '12:00:00', 0, '2023-03-06 10:20:39', '2023-03-06 10:20:39'),
(289, 205, '2023-01-03', '01:00:00', '12:00:00', 0, '2023-03-06 10:20:39', '2023-03-06 10:20:39'),
(290, 206, '2023-01-03', '01:00:00', '12:00:00', 0, '2023-03-06 10:20:39', '2023-03-06 10:20:39'),
(291, 206, '2023-01-03', '01:00:00', '12:00:00', 0, '2023-03-06 10:20:39', '2023-03-06 10:20:39'),
(292, 206, '2023-01-03', '01:00:00', '12:00:00', 0, '2023-03-06 10:20:39', '2023-03-06 10:20:39'),
(293, 207, '2023-03-16', '15:00:00', '00:00:00', 0, '2023-03-06 10:21:56', '2023-03-06 10:21:56'),
(294, 208, '2023-03-16', '15:00:00', '00:00:00', 0, '2023-03-06 10:22:22', '2023-03-06 10:22:22'),
(295, 209, '2023-03-16', '15:00:00', '00:00:00', 0, '2023-03-06 10:22:24', '2023-03-06 10:22:24'),
(296, 210, '2023-03-16', '15:00:00', '00:00:00', 0, '2023-03-06 10:22:49', '2023-03-06 10:22:49'),
(297, 211, '2023-03-16', '15:00:00', '00:00:00', 0, '2023-03-06 10:22:55', '2023-03-06 10:22:55'),
(298, 212, '2023-03-16', '15:00:00', '00:00:00', 0, '2023-03-06 10:22:57', '2023-03-06 10:22:57'),
(299, 213, '2023-03-15', '15:00:00', '00:00:00', 0, '2023-03-06 10:28:18', '2023-03-06 10:28:18'),
(300, 214, '2023-03-21', '15:00:00', '00:00:00', 0, '2023-03-06 10:33:54', '2023-03-06 10:33:54'),
(301, 215, '1970-01-01', '01:00:00', '12:00:00', 0, '2023-03-06 10:34:50', '2023-03-06 10:34:50'),
(302, 215, '2023-01-03', '01:00:00', '12:00:00', 0, '2023-03-06 10:34:50', '2023-03-06 10:34:50'),
(303, 215, '2023-01-03', '01:00:00', '12:00:00', 0, '2023-03-06 10:34:50', '2023-03-06 10:34:50'),
(304, 216, '2023-01-03', '01:00:00', '12:00:00', 0, '2023-03-06 10:34:50', '2023-03-06 10:34:50'),
(305, 216, '2023-01-03', '01:00:00', '12:00:00', 0, '2023-03-06 10:34:50', '2023-03-06 10:34:50'),
(306, 216, '2023-01-03', '01:00:00', '12:00:00', 0, '2023-03-06 10:34:50', '2023-03-06 10:34:50'),
(307, 217, '2023-01-03', '01:00:00', '12:00:00', 0, '2023-03-06 10:34:50', '2023-03-06 10:34:50'),
(308, 217, '2023-01-03', '01:00:00', '12:00:00', 0, '2023-03-06 10:34:50', '2023-03-06 10:34:50'),
(309, 217, '2023-01-03', '01:00:00', '12:00:00', 0, '2023-03-06 10:34:50', '2023-03-06 10:34:50'),
(310, 218, '2023-04-05', '15:00:00', '00:00:00', 0, '2023-03-06 10:36:07', '2023-03-06 10:36:07'),
(311, 219, '2023-04-05', '15:00:00', '00:00:00', 0, '2023-03-06 10:37:09', '2023-03-06 10:37:09'),
(312, 220, '2023-03-22', '15:00:00', '00:00:00', 0, '2023-03-06 10:42:04', '2023-03-06 10:42:04'),
(313, 221, '2023-03-22', '15:00:00', '00:00:00', 0, '2023-03-06 10:44:18', '2023-03-06 10:44:18');

-- --------------------------------------------------------

--
-- Table structure for table `order_details`
--

CREATE TABLE `order_details` (
  `id` int(11) NOT NULL,
  `orders_id` int(11) NOT NULL,
  `subservice_id` int(11) NOT NULL,
  `categories_id` int(11) NOT NULL,
  `staff_id` int(11) DEFAULT NULL,
  `is_locker` int(11) NOT NULL DEFAULT 0,
  `locker_id` int(11) DEFAULT NULL,
  `phone` varchar(255) DEFAULT NULL,
  `status` int(11) NOT NULL DEFAULT 0,
  `service_type` varchar(255) DEFAULT NULL,
  `car_id` bigint(20) UNSIGNED DEFAULT NULL,
  `appartment_number` varchar(255) DEFAULT NULL,
  `price` int(11) NOT NULL DEFAULT 1,
  `created_at` datetime DEFAULT NULL,
  `updated_at` datetime DEFAULT NULL
) ENGINE=InnoDB DEFAULT CHARSET=utf8mb4 COLLATE=utf8mb4_general_ci;

--
-- Dumping data for table `order_details`
--

INSERT INTO `order_details` (`id`, `orders_id`, `subservice_id`, `categories_id`, `staff_id`, `is_locker`, `locker_id`, `phone`, `status`, `service_type`, `car_id`, `appartment_number`, `price`, `created_at`, `updated_at`) VALUES
(157, 180, 1, 1, NULL, 0, NULL, '1234567856', 1, 'car', 68, 'f', 1, '2023-03-05 10:14:47', '2023-03-05 10:14:47'),
(158, 181, 1, 1, NULL, 0, NULL, '1234567856', 1, 'car', 68, 'f', 1, '2023-03-05 10:17:46', '2023-03-05 10:17:46'),
(159, 182, 24, 8, NULL, 0, NULL, '1236547896', 1, 'other', 0, 'f', 1, '2023-03-05 10:34:00', '2023-03-05 10:34:00'),
(160, 182, 24, 8, NULL, 0, NULL, '1236547896', 1, 'other', 0, 'f', 1, '2023-03-05 10:34:00', '2023-03-05 10:34:00'),
(161, 183, 24, 8, NULL, 0, NULL, '1236547896', 1, 'other', 0, 'f', 1, '2023-03-05 10:35:35', '2023-03-05 10:35:35'),
(162, 184, 27, 11, NULL, 0, NULL, '2457855568', 1, 'car_rental', 0, 'f', 1, '2023-03-05 10:55:51', '2023-03-05 10:55:51'),
(163, 185, 1, 1, NULL, 0, NULL, '1236578569', 0, 'car', 68, 'f', 1, '2023-03-05 13:13:23', '2023-03-05 13:13:23'),
(164, 186, 1, 1, NULL, 0, NULL, '1236578569', 0, 'car', 68, 'f', 1, '2023-03-05 13:13:36', '2023-03-05 13:13:36'),
(165, 187, 1, 1, NULL, 0, NULL, '1236578569', 0, 'car', 68, 'f', 1, '2023-03-05 13:14:05', '2023-03-05 13:14:05'),
(166, 188, 1, 1, NULL, 0, NULL, '1236578569', 0, 'car', 68, 'f', 1, '2023-03-05 13:14:39', '2023-03-05 13:14:39'),
(167, 189, 1, 1, NULL, 0, NULL, '0008525555', 0, 'car', 68, 'f', 1, '2023-03-05 13:37:46', '2023-03-05 13:37:46'),
(168, 190, 1, 1, NULL, 0, NULL, '0008525555', 0, 'car', 68, 'f', 1, '2023-03-05 13:40:45', '2023-03-05 13:40:45'),
(169, 191, 1, 1, NULL, 0, NULL, '0008525555', 0, 'car', 68, 'f', 1, '2023-03-05 13:40:54', '2023-03-05 13:40:54'),
(170, 192, 1, 1, NULL, 0, NULL, '1234567895', 0, 'car', 68, 'f', 1, '2023-03-06 08:28:23', '2023-03-06 08:28:23'),
(171, 193, 27, 11, NULL, 0, NULL, '1234564588', 0, 'car_rental', 0, 'f', 1, '2023-03-06 08:30:50', '2023-03-06 08:30:50'),
(172, 194, 27, 11, NULL, 0, NULL, '1234564588', 0, 'car_rental', 0, 'f', 1, '2023-03-06 08:30:56', '2023-03-06 08:30:56'),
(173, 195, 27, 11, NULL, 0, NULL, '5424545454', 0, 'car_rental', 0, 'f', 1, '2023-03-06 08:35:48', '2023-03-06 08:35:48'),
(174, 196, 27, 11, NULL, 0, NULL, '5424545454', 0, 'car_rental', 0, 'f', 1, '2023-03-06 08:35:50', '2023-03-06 08:35:50'),
(175, 197, 27, 11, NULL, 0, NULL, '5424545454', 0, 'car_rental', 0, 'f', 1, '2023-03-06 08:35:52', '2023-03-06 08:35:52'),
(176, 198, 27, 11, NULL, 0, NULL, '5424545454', 0, 'car_rental', 0, 'f', 1, '2023-03-06 08:36:14', '2023-03-06 08:36:14'),
(177, 199, 27, 11, NULL, 0, NULL, '5424545454', 0, 'car_rental', 0, 'f', 1, '2023-03-06 08:36:17', '2023-03-06 08:36:17'),
(178, 200, 27, 11, NULL, 0, NULL, '5424545454', 0, 'car_rental', 0, 'f', 1, '2023-03-06 08:37:19', '2023-03-06 08:37:19'),
(179, 201, 3, 1, NULL, 0, NULL, '05675432333', 0, '200', 1, 'f', 1, '2023-03-06 08:39:36', '2023-03-06 08:39:36'),
(180, 201, 3, 1, NULL, 0, NULL, '05675432333', 0, '200', 2, 'f', 1, '2023-03-06 08:39:36', '2023-03-06 08:39:36'),
(181, 201, 3, 1, NULL, 0, NULL, '05675432333', 0, '200', 3, 'f', 1, '2023-03-06 08:39:36', '2023-03-06 08:39:36'),
(182, 202, 3, 1, NULL, 0, NULL, '05675432333', 0, '200', 1, 'f', 1, '2023-03-06 08:41:10', '2023-03-06 08:41:10'),
(183, 202, 3, 1, NULL, 0, NULL, '05675432333', 0, '200', 2, 'f', 1, '2023-03-06 08:41:10', '2023-03-06 08:41:10'),
(184, 202, 3, 1, NULL, 0, NULL, '05675432333', 0, '200', 3, 'f', 1, '2023-03-06 08:41:10', '2023-03-06 08:41:10'),
(185, 203, 27, 11, NULL, 0, NULL, '8555265536', 0, 'car_rental', 0, 'f', 1, '2023-03-06 08:52:42', '2023-03-06 08:52:42'),
(186, 204, 27, 11, NULL, 0, NULL, '8555265536', 0, 'car_rental', 0, 'f', 1, '2023-03-06 08:52:49', '2023-03-06 08:52:49'),
(187, 205, 27, 11, NULL, 0, NULL, '8555265536', 0, 'car_rental', 0, 'f', 1, '2023-03-06 08:53:39', '2023-03-06 08:53:39'),
(188, 206, 27, 11, NULL, 0, NULL, '8555265536', 0, 'car_rental', 0, 'f', 1, '2023-03-06 08:54:27', '2023-03-06 08:54:27'),
(189, 207, 27, 11, NULL, 0, NULL, '8555265536', 0, 'car_rental', 0, 'f', 1, '2023-03-06 08:55:01', '2023-03-06 08:55:01'),
(190, 208, 27, 11, NULL, 0, NULL, '5552366555', 0, 'car_rental', 0, 'f', 1, '2023-03-06 08:57:30', '2023-03-06 08:57:30'),
(191, 209, 27, 11, NULL, 0, NULL, '5552366555', 0, 'car_rental', 0, 'f', 1, '2023-03-06 08:57:35', '2023-03-06 08:57:35'),
(192, 210, 27, 11, NULL, 0, NULL, '5552366555', 0, 'car_rental', 0, 'f', 1, '2023-03-06 08:58:39', '2023-03-06 08:58:39'),
(193, 211, 1, 1, NULL, 0, NULL, '1234588888', 0, 'car', 68, 'f', 1, '2023-03-06 09:02:50', '2023-03-06 09:02:50'),
(194, 212, 1, 1, NULL, 0, NULL, '1234588888', 0, 'car', 68, 'f', 1, '2023-03-06 09:02:54', '2023-03-06 09:02:54'),
(195, 213, 3, 1, NULL, 0, NULL, '05675432333', 0, '200', 1, 'f', 1, '2023-03-06 09:05:05', '2023-03-06 09:05:05'),
(196, 213, 3, 1, NULL, 0, NULL, '05675432333', 0, '200', 2, 'f', 1, '2023-03-06 09:05:05', '2023-03-06 09:05:05'),
(197, 213, 3, 1, NULL, 0, NULL, '05675432333', 0, '200', 3, 'f', 1, '2023-03-06 09:05:05', '2023-03-06 09:05:05'),
(198, 214, 27, 11, NULL, 0, NULL, '525255555526', 0, 'car_rental', 0, 'f', 1, '2023-03-06 09:07:17', '2023-03-06 09:07:17'),
(199, 215, 27, 11, NULL, 0, NULL, '525255555526', 0, 'car_rental', 0, 'f', 1, '2023-03-06 09:07:31', '2023-03-06 09:07:31'),
(200, 216, 27, 11, NULL, 0, NULL, '525255555526', 0, 'car_rental', 0, 'f', 1, '2023-03-06 09:07:33', '2023-03-06 09:07:33'),
(201, 217, 27, 11, NULL, 0, NULL, '525255555526', 0, 'car_rental', 0, 'f', 1, '2023-03-06 09:07:35', '2023-03-06 09:07:35'),
(202, 218, 27, 11, NULL, 0, NULL, '525255555526', 0, 'car_rental', 0, 'f', 1, '2023-03-06 09:07:36', '2023-03-06 09:07:36'),
(203, 219, 27, 11, NULL, 0, NULL, '525255555526', 0, 'car_rental', 0, 'f', 1, '2023-03-06 09:07:39', '2023-03-06 09:07:39'),
(204, 220, 3, 1, NULL, 0, NULL, '05675432333', 0, '200', 1, 'f', 1, '2023-03-06 10:20:39', '2023-03-06 10:20:39'),
(205, 220, 3, 1, NULL, 0, NULL, '05675432333', 0, '200', 2, 'f', 1, '2023-03-06 10:20:39', '2023-03-06 10:20:39'),
(206, 220, 3, 1, NULL, 0, NULL, '05675432333', 0, '200', 3, 'f', 1, '2023-03-06 10:20:39', '2023-03-06 10:20:39'),
(207, 221, 27, 11, NULL, 0, NULL, '0852346589', 0, 'car_rental', 0, 'f', 1, '2023-03-06 10:21:56', '2023-03-06 10:21:56'),
(208, 222, 27, 11, NULL, 0, NULL, '0852346589', 0, 'car_rental', 0, 'f', 1, '2023-03-06 10:22:22', '2023-03-06 10:22:22'),
(209, 223, 27, 11, NULL, 0, NULL, '0852346589', 0, 'car_rental', 0, 'f', 1, '2023-03-06 10:22:24', '2023-03-06 10:22:24'),
(210, 224, 27, 11, NULL, 0, NULL, '0852346589', 0, 'car_rental', 0, 'f', 1, '2023-03-06 10:22:49', '2023-03-06 10:22:49'),
(211, 225, 27, 11, NULL, 0, NULL, '0852346589', 0, 'car_rental', 0, 'f', 1, '2023-03-06 10:22:55', '2023-03-06 10:22:55'),
(212, 226, 27, 11, NULL, 0, NULL, '0852346589', 0, 'car_rental', 0, 'f', 1, '2023-03-06 10:22:57', '2023-03-06 10:22:57'),
(213, 227, 27, 11, NULL, 0, NULL, '0896565555', 0, 'car_rental', 0, 'f', 1, '2023-03-06 10:28:18', '2023-03-06 10:28:18'),
(214, 228, 27, 11, NULL, 0, NULL, '1234568556', 0, 'car_rental', 0, 'f', 1, '2023-03-06 10:33:54', '2023-03-06 10:33:54'),
(215, 229, 3, 1, NULL, 0, NULL, '05675432333', 0, '200', 1, 'f', 1, '2023-03-06 10:34:50', '2023-03-06 10:34:50'),
(216, 229, 3, 1, NULL, 0, NULL, '05675432333', 0, '200', 2, 'f', 1, '2023-03-06 10:34:50', '2023-03-06 10:34:50'),
(217, 229, 3, 1, NULL, 0, NULL, '05675432333', 0, '200', 3, 'f', 1, '2023-03-06 10:34:50', '2023-03-06 10:34:50'),
(218, 230, 27, 11, NULL, 0, NULL, '8555655585', 0, 'car_rental', 0, 'f', 1, '2023-03-06 10:36:07', '2023-03-06 10:36:07'),
(219, 231, 27, 11, NULL, 0, NULL, '8555655585', 0, 'car_rental', 0, 'f', 1, '2023-03-06 10:37:09', '2023-03-06 10:37:09'),
(220, 232, 27, 11, NULL, 0, NULL, '8555556464', 0, 'car_rental', 0, 'f', 1, '2023-03-06 10:42:04', '2023-03-06 10:42:04'),
(221, 233, 27, 11, NULL, 0, NULL, '5855555654', 0, 'car_rental', 0, 'f', 1, '2023-03-06 10:44:18', '2023-03-06 10:44:18');

-- --------------------------------------------------------

--
-- Table structure for table `password_resets`
--

CREATE TABLE `password_resets` (
  `email` varchar(255) NOT NULL,
  `pin` varchar(255) NOT NULL,
  `created_at` timestamp NULL DEFAULT NULL
) ENGINE=InnoDB DEFAULT CHARSET=utf8mb4 COLLATE=utf8mb4_unicode_ci;

--
-- Dumping data for table `password_resets`
--

INSERT INTO `password_resets` (`email`, `pin`, `created_at`) VALUES
('kamalbaloch9000@gmail.com', '3951', '2023-01-17 06:59:28'),
('masoodkhan11@gmail.com', '7527', '2023-01-19 02:20:25'),
('yahya@gmail.com', '3930', '2023-01-17 04:50:21');

-- --------------------------------------------------------

--
-- Table structure for table `personal_access_tokens`
--

CREATE TABLE `personal_access_tokens` (
  `id` bigint(20) UNSIGNED NOT NULL,
  `tokenable_type` varchar(255) NOT NULL,
  `tokenable_id` bigint(20) UNSIGNED NOT NULL,
  `name` varchar(255) NOT NULL,
  `token` varchar(64) NOT NULL,
  `abilities` text DEFAULT NULL,
  `last_used_at` timestamp NULL DEFAULT NULL,
  `expires_at` timestamp NULL DEFAULT NULL,
  `created_at` timestamp NULL DEFAULT NULL,
  `updated_at` timestamp NULL DEFAULT NULL
) ENGINE=InnoDB DEFAULT CHARSET=utf8mb4 COLLATE=utf8mb4_unicode_ci;

--
-- Dumping data for table `personal_access_tokens`
--

INSERT INTO `personal_access_tokens` (`id`, `tokenable_type`, `tokenable_id`, `name`, `token`, `abilities`, `last_used_at`, `expires_at`, `created_at`, `updated_at`) VALUES
(29, 'App\\Models\\User', 116, 'bakleh99yahya@gmail.com_Token', 'aefc2e7453dafff6dff88c908364ec9639146f5aedc1712faa8e876dae23a2c0', '[\"user\"]', '2023-02-23 07:25:08', NULL, '2023-02-22 03:04:18', '2023-02-23 07:25:08'),
(30, 'App\\Models\\User', 117, 'kk@gmail.com_Token', '797e64dc0a31532894261a556518437b62094659368d653eea9b3ae279064280', '[\"user\"]', '2023-02-23 07:43:27', NULL, '2023-02-22 04:52:46', '2023-02-23 07:43:27'),
(31, 'App\\Models\\User', 118, 'kkn@gmail.com_Token', '0eb1ce650d16fcb2d0d658e47b5d61af6d482fb57e4eea3d92bc0921450fdf6a', '[\"user\"]', '2023-02-23 06:25:26', NULL, '2023-02-23 03:56:18', '2023-02-23 06:25:26'),
(32, 'App\\Models\\User', 116, 'bakleh99yahya@gmail.com_Token', '3a4421539466b81500a8b85d590718c31de688ee1d626de6adaa8c85f0f6d453', '[\"user\"]', '2023-03-05 06:57:55', NULL, '2023-02-23 06:06:15', '2023-03-05 06:57:55'),
(33, 'App\\Models\\User', 118, 'kkn@gmail.com_Token', '81304f1a5f71dd261b6b72f0ff773c9b157652e17c3e075843e861ef80c97b1d', '[\"user\"]', '2023-02-23 06:36:05', NULL, '2023-02-23 06:34:58', '2023-02-23 06:36:05'),
(34, 'App\\Models\\User', 118, 'kkn@gmail.com_Token', 'bde5f68bb0c0727e639f2044ee728e06fee7b905a05d5a76f615ee817597fe2e', '[\"user\"]', '2023-02-23 06:44:07', NULL, '2023-02-23 06:44:04', '2023-02-23 06:44:07'),
(35, 'App\\Models\\User', 118, 'kkn@gmail.com_Token', '57e735944e8217df06af06f0fc0e8b75861f3adbaca23678f58507ce3295daf8', '[\"user\"]', '2023-02-23 08:43:50', NULL, '2023-02-23 07:20:33', '2023-02-23 08:43:50'),
(36, 'App\\Models\\User', 118, 'kkn@gmail.com_Token', '2abe1a68191e40bdad5b23047fbd09da7bc7b453a5454918022ccb23e2209afa', '[\"user\"]', '2023-02-23 07:42:02', NULL, '2023-02-23 07:38:03', '2023-02-23 07:42:02'),
(37, 'App\\Models\\User', 118, 'kkn@gmail.com_Token', '21bbd493fa2862003867aa6826b17888ab80dfc58a3166344b8c0e9c1574a40a', '[\"user\"]', '2023-03-06 06:34:50', NULL, '2023-02-23 07:42:44', '2023-03-06 06:34:50'),
(38, 'App\\Models\\User', 118, 'kkn@gmail.com_Token', '0362353c3809ffca2e09c1f15ae9d9e7e8ef827ecc2e99bc228ade81b33ac833', '[\"user\"]', '2023-03-02 06:50:25', NULL, '2023-02-23 07:46:22', '2023-03-02 06:50:25'),
(39, 'App\\Models\\User', 118, 'kkn@gmail.com_Token', 'd3d1f3ac7fb0f157e5c582cfc44c5496e3238e626b23f8e446591caf0bc90c25', '[\"user\"]', '2023-03-06 01:42:18', NULL, '2023-02-26 06:30:44', '2023-03-06 01:42:18'),
(40, 'App\\Models\\User', 118, 'kkn@gmail.com_Token', '58f776cb467bb5f92b7d9ef251c20c06b737d63ea859f68a7ded05c9348851d6', '[\"user\"]', NULL, NULL, '2023-02-26 11:45:18', '2023-02-26 11:45:18'),
(41, 'App\\Models\\User', 118, 'kkn@gmail.com_Token', 'f9035d8d9d8e1db0108489422c63b4477f510d0fcd11c9223d2a1b26b23c4529', '[\"user\"]', '2023-02-27 02:48:19', NULL, '2023-02-26 11:46:10', '2023-02-27 02:48:19'),
(42, 'App\\Models\\User', 118, 'kkn@gmail.com_Token', 'a23831baf578068abd1e48c7817d9d056a78157200ed729ccd36349635accc72', '[\"user\"]', NULL, NULL, '2023-02-27 04:02:49', '2023-02-27 04:02:49'),
(43, 'App\\Models\\User', 118, 'kkn@gmail.com_Token', '1de11cad7e7e3208eca52a6b37020b8412b124da98877c8090c751929c91ef00', '[\"user\"]', '2023-03-01 08:59:30', NULL, '2023-02-27 07:22:49', '2023-03-01 08:59:30'),
(44, 'App\\Models\\User', 118, 'kkn@gmail.com_Token', '247018ae612fcdc365e13c509cf7792655cad2e4a8dcc0651ed98a345f46d91f', '[\"user\"]', '2023-02-27 09:02:01', NULL, '2023-02-27 09:00:55', '2023-02-27 09:02:01'),
(45, 'App\\Models\\User', 118, 'kkn@gmail.com_Token', '8132a923b41edc80b4e4aef933fc385c2e891c22ad6f2973752f81ba1e7877ae', '[\"user\"]', '2023-03-02 06:58:46', NULL, '2023-03-01 10:00:51', '2023-03-02 06:58:46'),
(46, 'App\\Models\\User', 120, 'kkn@gmail.con_Token', '1e7b3fabe590860422ee6202e1507404d86cc366d3e3188f418f8f63b062beb2', '[\"user\"]', '2023-03-05 07:52:50', NULL, '2023-03-02 04:44:49', '2023-03-05 07:52:50'),
(47, 'App\\Models\\User', 118, 'kkn@gmail.com_Token', '7eea7d486922d94a466358622c603e8a33f3cba5e1a40980dbd2e0b40615dfd3', '[\"user\"]', '2023-03-05 09:01:06', NULL, '2023-03-02 07:14:39', '2023-03-05 09:01:06'),
(48, 'App\\Models\\User', 120, 'kkn@gmail.con_Token', '06f438254ce470477ab88d4cf0d54811fa6aadffee64d696eace74161fa4b18e', '[\"user\"]', '2023-03-05 07:53:41', NULL, '2023-03-05 07:53:11', '2023-03-05 07:53:41'),
(49, 'App\\Models\\User', 120, 'kkn@gmail.con_Token', 'fb5081fded48164d19bba1caf71db4a230121211164f9e74ef6b3cb7d39205f2', '[\"user\"]', '2023-03-05 07:57:38', NULL, '2023-03-05 07:55:01', '2023-03-05 07:57:38'),
(50, 'App\\Models\\User', 118, 'kkn@gmail.com_Token', 'd0a14852eee89b7aaedcf535e111cdcce368a2a403a5da0cb7364805028a5376', '[\"user\"]', '2023-03-06 04:12:18', NULL, '2023-03-05 07:58:36', '2023-03-06 04:12:18'),
(51, 'App\\Models\\User', 118, 'kkn@gmail.com_Token', '538af0545dedc8b5fbb1c975c2461c4b14766d75d02a0b4ab38226051524158c', '[\"user\"]', '2023-03-05 09:12:04', NULL, '2023-03-05 09:12:01', '2023-03-05 09:12:04'),
(52, 'App\\Models\\User', 118, 'kkn@gmail.com_Token', '9811dca76dd16220f1b4204f2115be58bb812e971875397b03e1bbbfafe9ffac', '[\"user\"]', '2023-03-06 02:59:15', NULL, '2023-03-05 09:12:04', '2023-03-06 02:59:15'),
(53, 'App\\Models\\User', 118, 'kkn@gmail.com_Token', 'b906aaa545fff94b7919ad8bc60209cccb0c591003cc31ef1382cf71d53ccda8', '[\"user\"]', NULL, NULL, '2023-03-06 03:03:55', '2023-03-06 03:03:55'),
(54, 'App\\Models\\User', 118, 'kkn@gmail.com_Token', 'c73af5d66f89bbf032a49c7e12feac7379fc00cea5fb371e76fc98eed758abd6', '[\"user\"]', '2023-03-06 04:21:17', NULL, '2023-03-06 03:42:21', '2023-03-06 04:21:17'),
(55, 'App\\Models\\User', 118, 'kkn@gmail.com_Token', 'c05f4a27467adde2e9b06ed8003231587e3301ac6912d74b486eab8a28e04b18', '[\"user\"]', '2023-03-06 06:46:29', NULL, '2023-03-06 03:42:56', '2023-03-06 06:46:29');

-- --------------------------------------------------------

--
-- Table structure for table `promotion`
--

CREATE TABLE `promotion` (
  `id` int(11) NOT NULL,
  `title` varchar(255) DEFAULT NULL,
  `picture_url` varchar(255) NOT NULL,
  `picture_path` varchar(255) DEFAULT NULL,
  `discount` varchar(255) NOT NULL,
  `total_price` varchar(255) DEFAULT NULL,
  `created_at` datetime DEFAULT NULL,
  `updated_at` datetime DEFAULT NULL
) ENGINE=InnoDB DEFAULT CHARSET=utf8mb4 COLLATE=utf8mb4_general_ci;

--
-- Dumping data for table `promotion`
--

INSERT INTO `promotion` (`id`, `title`, `picture_url`, `picture_path`, `discount`, `total_price`, `created_at`, `updated_at`) VALUES
(1, 'this is a test promotion', 'http://192.168.20.242/parkonicHomeServices/public/promotion_images/promotions_salon_at_home.png', '/promotion_images/promotions_salon_at_home.png', '20', '160', '2023-02-05 09:08:00', '2023-02-19 13:57:57'),
(2, 'this is a test promotion2', 'http://192.168.20.242/parkonicHomeServices/public/promotion_images/promotions_part_time.png', '/promotion_images/promotions_part_time.png', '20', '80', '2023-02-05 09:08:00', '2023-02-09 05:54:49'),
(5, 'news', 'http://192.168.20.242/parkonicHomeServices/public/promotion_images/1675777917.png', '/promotion_images/1675777917.png', '20', '160', '2023-02-07 13:51:57', '2023-02-08 07:19:12'),
(6, 'test', 'http://192.168.20.242/parkonicHomeServices/public/promotion_images/1675778137.png', '/promotion_images/1675778137.png', '10', '198', '2023-02-07 13:55:37', '2023-02-09 05:54:41'),
(8, '50 off', 'http://192.168.20.242/parkonicHomeServices/public/promotion_images/1675944784.png', '/promotion_images/1675944784.png', '50', '50', '2023-02-09 12:13:04', '2023-02-09 12:13:04');

-- --------------------------------------------------------

--
-- Table structure for table `promotion_subservices`
--

CREATE TABLE `promotion_subservices` (
  `id` int(11) NOT NULL,
  `promotions_id` int(11) NOT NULL,
  `subservice_id` int(11) NOT NULL,
  `price` varchar(200) DEFAULT '0',
  `created_at` datetime NOT NULL,
  `updated_at` datetime NOT NULL
) ENGINE=InnoDB DEFAULT CHARSET=utf8mb4 COLLATE=utf8mb4_general_ci;

--
-- Dumping data for table `promotion_subservices`
--

INSERT INTO `promotion_subservices` (`id`, `promotions_id`, `subservice_id`, `price`, `created_at`, `updated_at`) VALUES
(39, 5, 1, '16', '2023-02-08 13:49:43', '2023-02-08 13:49:43'),
(40, 5, 2, '32', '2023-02-08 13:49:43', '2023-02-08 13:49:43'),
(41, 5, 3, '48', '2023-02-08 13:49:43', '2023-02-08 13:49:43'),
(42, 5, 15, '64', '2023-02-08 13:49:43', '2023-02-08 13:49:43'),
(43, 6, 1, '18', '2023-02-09 05:54:41', '2023-02-09 05:54:41'),
(44, 6, 2, '36', '2023-02-09 05:54:41', '2023-02-09 05:54:41'),
(45, 6, 3, '54', '2023-02-09 05:54:41', '2023-02-09 05:54:41'),
(46, 6, 15, '72', '2023-02-09 05:54:41', '2023-02-09 05:54:41'),
(47, 6, 16, '18', '2023-02-09 05:54:41', '2023-02-09 05:54:41'),
(48, 2, 2, '32', '2023-02-09 05:54:49', '2023-02-09 05:54:49'),
(49, 2, 3, '48', '2023-02-09 05:54:49', '2023-02-09 05:54:49'),
(50, 8, 1, '10', '2023-02-09 12:13:04', '2023-02-09 12:13:04'),
(51, 8, 3, '30', '2023-02-09 12:13:04', '2023-02-09 12:13:04'),
(52, 8, 16, '10', '2023-02-09 12:13:04', '2023-02-09 12:13:04'),
(53, 1, 2, '32', '2023-02-19 13:57:57', '2023-02-19 13:57:57'),
(54, 1, 3, '48', '2023-02-19 13:57:57', '2023-02-19 13:57:57'),
(55, 1, 15, '64', '2023-02-19 13:57:57', '2023-02-19 13:57:57');

-- --------------------------------------------------------

--
-- Table structure for table `services`
--

CREATE TABLE `services` (
  `id` int(11) NOT NULL,
  `name` varchar(255) DEFAULT NULL,
  `picture_url` varchar(255) DEFAULT NULL,
  `picture_path` varchar(255) DEFAULT NULL,
  `item_type` varchar(255) DEFAULT NULL,
  `comming_soon` int(11) NOT NULL DEFAULT 0,
  `created_at` datetime DEFAULT NULL,
  `updated_at` datetime DEFAULT NULL
) ENGINE=InnoDB DEFAULT CHARSET=utf8mb4 COLLATE=utf8mb4_general_ci;

--
-- Dumping data for table `services`
--

INSERT INTO `services` (`id`, `name`, `picture_url`, `picture_path`, `item_type`, `comming_soon`, `created_at`, `updated_at`) VALUES
(1, 'Car Wash', 'http://192.168.20.242/parkonicHomeServices/public/services_images/1675668429.png', '/services_images/1675668429.png', 'car', 0, '2023-01-15 09:48:16', '2023-02-06 07:27:09'),
(2, 'Cleaning Services', 'http://192.168.20.242/parkonicHomeServices/public/services_images/1675668443.png', '/services_images/1675668443.png', 'other', 0, '2023-01-16 10:02:34', '2023-03-02 08:01:33'),
(3, 'Car Refuel', 'http://192.168.20.242/parkonicHomeServices/public/services_images/1675668098.png', '/services_images/1675668098.png', 'car', 0, '2023-01-15 10:02:34', '2023-02-06 07:45:59'),
(6, 'spa and massage', 'http://192.168.20.242/parkonicHomeServices/public/services_images/1675668740.png', '/services_images/1675668740.png', NULL, 1, '2023-02-06 07:32:20', '2023-02-06 07:34:24'),
(7, 'salon for man', 'http://192.168.20.242/parkonicHomeServices/public/services_images/1675668904.png', '/services_images/1675668904.png', NULL, 1, '2023-02-06 07:35:04', '2023-02-06 07:45:50'),
(8, 'salon for women', 'http://192.168.20.242/parkonicHomeServices/public/services_images/1675669224.png', '/services_images/1675669224.png', NULL, 1, '2023-02-06 07:40:24', '2023-02-06 07:44:59'),
(9, 'Spa', 'http://192.168.20.242/parkonicHomeServices/public/services_images/1675669300.png', '/services_images/1675669300.png', NULL, 1, '2023-02-06 07:41:40', '2023-02-06 07:45:07'),
(10, 'Handyman', 'http://192.168.20.242/parkonicHomeServices/public/services_images/1675669408.png', '/services_images/1675669408.png', 'other', 1, '2023-02-06 07:43:28', '2023-02-27 07:13:13'),
(11, 'Part Time Services', 'http://192.168.20.242/parkonicHomeServices/public/services_images/1675669463.png', '/services_images/1675669463.png', 'other', 0, '2023-02-06 07:44:23', '2023-02-27 07:13:06'),
(12, 'Rent A Car', 'http://192.168.20.242:8000/api/service-picture/12', '/services_images/1677669753.png', 'car_rental', 0, '2023-03-01 11:22:33', '2023-03-01 11:22:33');

-- --------------------------------------------------------

--
-- Table structure for table `staff`
--

CREATE TABLE `staff` (
  `id` int(11) NOT NULL,
  `name` varchar(255) NOT NULL,
  `email` varchar(255) NOT NULL,
  `phone` varchar(255) NOT NULL,
  `services_id` int(11) NOT NULL,
  `password` varchar(255) NOT NULL,
  `rate` int(11) NOT NULL,
  `status` int(11) NOT NULL DEFAULT 0,
  `created_at` datetime DEFAULT NULL,
  `updated_at` datetime DEFAULT NULL
) ENGINE=InnoDB DEFAULT CHARSET=utf8mb4 COLLATE=utf8mb4_general_ci;

--
-- Dumping data for table `staff`
--

INSERT INTO `staff` (`id`, `name`, `email`, `phone`, `services_id`, `password`, `rate`, `status`, `created_at`, `updated_at`) VALUES
(1, 'Yahya Bakleh', 'bakleh99yahya@gmail.com', '0562438455', 1, '$2y$10$dB83bVMz8Eg4Sr5k/peUqe8nWGHHdrX9VL0RoEs.t1byci/UbZLEi', 4, 0, '2023-02-06 06:59:16', '2023-02-06 06:59:16'),
(2, 'Yahya Bakleh', 'bakleh909yahya@gmail.com', '0562438466', 1, '$2y$10$VgHW1AWXxcdsCxHLGcD0n.t/S4xKk83Pexb7b1Vzvnygs5tYg10b.', 4, 0, '2023-02-20 07:34:04', '2023-02-20 07:34:04'),
(3, 'test', 'test@test.com', '0562412345', 1, '$2y$10$jruJ8G7UJcd4d5AdU4KTZ.z8g4Sa3aOE93thpDl77AA45ab74J1/y', 3, 0, '2023-02-20 10:23:15', '2023-02-20 10:23:15');

-- --------------------------------------------------------

--
-- Table structure for table `stuff_password_resets`
--

CREATE TABLE `stuff_password_resets` (
  `email` varchar(255) NOT NULL,
  `pin` varchar(255) NOT NULL,
  `created_at` timestamp NULL DEFAULT NULL
) ENGINE=InnoDB DEFAULT CHARSET=utf8mb4 COLLATE=utf8mb4_unicode_ci;

--
-- Dumping data for table `stuff_password_resets`
--

INSERT INTO `stuff_password_resets` (`email`, `pin`, `created_at`) VALUES
('kk22@gm.com', '2289', '2023-01-26 07:18:06'),
('stuff@suitelife.com', '1182', '2023-01-26 04:42:05');

-- --------------------------------------------------------

--
-- Table structure for table `sub_services`
--

CREATE TABLE `sub_services` (
  `id` int(11) NOT NULL,
  `service_id` int(11) NOT NULL,
  `category_id` int(11) NOT NULL,
  `name` varchar(255) NOT NULL,
  `price` varchar(225) NOT NULL,
  `number_of_dates` int(11) NOT NULL DEFAULT 1,
  `promotion_from` time DEFAULT NULL,
  `promotion_to` time DEFAULT NULL,
  `discount` varchar(255) NOT NULL DEFAULT '0',
  `created_at` datetime DEFAULT NULL,
  `updated_at` datetime DEFAULT NULL
) ENGINE=InnoDB DEFAULT CHARSET=utf8mb4 COLLATE=utf8mb4_general_ci;

--
-- Dumping data for table `sub_services`
--

INSERT INTO `sub_services` (`id`, `service_id`, `category_id`, `name`, `price`, `number_of_dates`, `promotion_from`, `promotion_to`, `discount`, `created_at`, `updated_at`) VALUES
(1, 1, 1, 'one time', '20', 1, '06:41:00', '18:42:00', '11', NULL, '2023-02-14 13:41:27'),
(2, 1, 2, '1 per week', '40', 1, '05:10:00', '23:10:00', '20', NULL, '2023-02-13 12:10:03'),
(3, 1, 4, '2 per week', '60', 2, '04:10:00', '20:10:00', '8', NULL, '2023-02-13 12:10:35'),
(15, 1, 5, '1 per month', '80', 1, '16:18:00', '15:17:00', '45', '2023-01-26 11:04:23', '2023-02-14 13:42:21'),
(16, 1, 2, 'one time', '20', 1, '05:41:00', '14:41:00', '22', '2023-02-07 10:05:18', '2023-02-14 13:41:53'),
(21, 1, 5, 'news', '250', 1, '07:40:00', '21:40:00', '20', '2023-02-08 12:59:26', '2023-02-14 13:40:47'),
(22, 1, 1, 'news', '250', 1, '05:42:00', '14:42:00', '44', '2023-02-08 13:02:04', '2023-02-14 13:43:36'),
(24, 2, 8, 'one per week', '100', 1, '07:00:00', '17:00:00', '10', '2023-02-27 06:01:02', '2023-02-27 06:01:02'),
(25, 3, 9, 'two times per month', '250', 1, '17:00:00', '22:00:00', '20', '2023-02-27 06:06:30', '2023-02-27 06:06:30'),
(26, 11, 10, '1 hour', '250', 1, '10:10:00', '10:11:00', '0', '2023-02-27 06:11:08', '2023-02-27 06:11:08'),
(27, 12, 11, 'Daily', '100', 1, '00:00:00', '15:00:00', '0', NULL, '2023-03-05 09:43:49'),
(28, 12, 11, 'Monthly', '300', 1, '15:56:00', '15:56:00', '0', '2023-03-01 11:56:39', '2023-03-01 12:03:29'),
(29, 12, 11, 'Weekly', '200', 1, '16:00:00', '04:00:00', '0', '2023-03-01 12:00:36', '2023-03-01 12:00:36');

-- --------------------------------------------------------

--
-- Table structure for table `time_slote`
--

CREATE TABLE `time_slote` (
  `id` int(11) NOT NULL,
  `time_from` time NOT NULL,
  `time_to` time NOT NULL,
  `updated_at` datetime DEFAULT NULL,
  `created_at` datetime DEFAULT NULL
) ENGINE=InnoDB DEFAULT CHARSET=utf8mb4 COLLATE=utf8mb4_general_ci;

--
-- Dumping data for table `time_slote`
--

INSERT INTO `time_slote` (`id`, `time_from`, `time_to`, `updated_at`, `created_at`) VALUES
(1, '09:00:00', '00:00:00', NULL, NULL),
(11, '10:00:00', '00:00:00', NULL, NULL),
(12, '11:00:00', '00:00:00', NULL, NULL),
(15, '12:00:00', '00:00:00', '2023-02-08 10:59:22', '2023-02-08 10:59:22'),
(16, '15:00:00', '00:00:00', '2023-02-08 10:59:43', '2023-02-08 10:59:43'),
(17, '18:00:00', '00:00:00', '2023-02-08 10:59:56', '2023-02-08 10:59:56'),
(18, '08:00:00', '00:00:00', '2023-02-09 12:17:31', '2023-02-09 12:17:31'),
(19, '00:00:00', '03:00:00', '2023-02-28 08:31:04', '2023-02-28 08:31:04');

-- --------------------------------------------------------

--
-- Table structure for table `time_slote_subservices`
--

CREATE TABLE `time_slote_subservices` (
  `id` int(11) NOT NULL,
  `sub_services_id` int(11) NOT NULL,
  `time_slote_id` int(11) NOT NULL,
  `created_at` datetime DEFAULT NULL,
  `updated_at` datetime DEFAULT NULL
) ENGINE=InnoDB DEFAULT CHARSET=utf8mb4 COLLATE=utf8mb4_general_ci;

--
-- Dumping data for table `time_slote_subservices`
--

INSERT INTO `time_slote_subservices` (`id`, `sub_services_id`, `time_slote_id`, `created_at`, `updated_at`) VALUES
(33, 2, 11, '2023-02-13 12:10:03', '2023-02-13 12:10:03'),
(34, 2, 15, '2023-02-13 12:10:03', '2023-02-13 12:10:03'),
(35, 2, 16, '2023-02-13 12:10:03', '2023-02-13 12:10:03'),
(36, 3, 1, '2023-02-13 12:10:35', '2023-02-13 12:10:35'),
(37, 3, 12, '2023-02-13 12:10:35', '2023-02-13 12:10:35'),
(38, 3, 17, '2023-02-13 12:10:35', '2023-02-13 12:10:35'),
(39, 21, 1, '2023-02-14 13:40:47', '2023-02-14 13:40:47'),
(40, 21, 11, '2023-02-14 13:40:47', '2023-02-14 13:40:47'),
(41, 21, 12, '2023-02-14 13:40:47', '2023-02-14 13:40:47'),
(42, 21, 15, '2023-02-14 13:40:47', '2023-02-14 13:40:47'),
(43, 21, 16, '2023-02-14 13:40:47', '2023-02-14 13:40:47'),
(44, 21, 17, '2023-02-14 13:40:47', '2023-02-14 13:40:47'),
(45, 1, 1, '2023-02-14 13:41:27', '2023-02-14 13:41:27'),
(46, 1, 11, '2023-02-14 13:41:27', '2023-02-14 13:41:27'),
(47, 1, 12, '2023-02-14 13:41:27', '2023-02-14 13:41:27'),
(48, 1, 16, '2023-02-14 13:41:27', '2023-02-14 13:41:27'),
(49, 16, 12, '2023-02-14 13:41:53', '2023-02-14 13:41:53'),
(50, 16, 16, '2023-02-14 13:41:53', '2023-02-14 13:41:53'),
(56, 15, 1, '2023-02-14 13:42:21', '2023-02-14 13:42:21'),
(57, 15, 11, '2023-02-14 13:42:21', '2023-02-14 13:42:21'),
(58, 15, 12, '2023-02-14 13:42:21', '2023-02-14 13:42:21'),
(59, 22, 11, '2023-02-14 13:43:36', '2023-02-14 13:43:36'),
(60, 22, 12, '2023-02-14 13:43:36', '2023-02-14 13:43:36'),
(61, 22, 15, '2023-02-14 13:43:36', '2023-02-14 13:43:36'),
(62, 22, 16, '2023-02-14 13:43:36', '2023-02-14 13:43:36'),
(63, 22, 17, '2023-02-14 13:43:36', '2023-02-14 13:43:36'),
(64, 24, 1, '2023-02-27 06:01:02', '2023-02-27 06:01:02'),
(65, 24, 16, '2023-02-27 06:01:02', '2023-02-27 06:01:02'),
(66, 24, 17, '2023-02-27 06:01:02', '2023-02-27 06:01:02'),
(67, 25, 1, '2023-02-27 06:06:30', '2023-02-27 06:06:30'),
(68, 25, 11, '2023-02-27 06:06:30', '2023-02-27 06:06:30'),
(69, 25, 15, '2023-02-27 06:06:30', '2023-02-27 06:06:30'),
(70, 25, 16, '2023-02-27 06:06:30', '2023-02-27 06:06:30'),
(71, 26, 1, '2023-02-27 06:11:08', '2023-02-27 06:11:08'),
(72, 26, 16, '2023-02-27 06:11:08', '2023-02-27 06:11:08'),
(75, 29, 1, '2023-03-01 12:00:36', '2023-03-01 12:00:36'),
(76, 29, 12, '2023-03-01 12:00:36', '2023-03-01 12:00:36'),
(77, 29, 15, '2023-03-01 12:00:36', '2023-03-01 12:00:36'),
(78, 28, 12, '2023-03-01 12:03:29', '2023-03-01 12:03:29'),
(79, 28, 18, '2023-03-01 12:03:29', '2023-03-01 12:03:29'),
(80, 27, 1, '2023-03-05 09:43:49', '2023-03-05 09:43:49'),
(81, 27, 11, '2023-03-05 09:43:49', '2023-03-05 09:43:49'),
(82, 27, 12, '2023-03-05 09:43:49', '2023-03-05 09:43:49'),
(83, 27, 16, '2023-03-05 09:43:49', '2023-03-05 09:43:49');

-- --------------------------------------------------------

--
-- Table structure for table `two_step_verification`
--

CREATE TABLE `two_step_verification` (
  `phone` varchar(255) NOT NULL,
  `pin` varchar(255) NOT NULL,
  `created_at` timestamp NULL DEFAULT NULL
) ENGINE=InnoDB DEFAULT CHARSET=utf8mb4 COLLATE=utf8mb4_unicode_ci;

--
-- Dumping data for table `two_step_verification`
--

INSERT INTO `two_step_verification` (`phone`, `pin`, `created_at`) VALUES
('0000007586', '6229', '2023-01-30 02:04:52'),
('0008589643', '8920', '2023-01-30 02:15:35'),
('0050008000', '7461', '2023-02-09 08:00:27'),
('0562438455', '4205', '2023-01-30 07:14:36'),
('0852654713', '1817', '2023-02-02 08:56:54'),
('0896327852', '2689', '2023-02-09 06:59:00');

-- --------------------------------------------------------

--
-- Table structure for table `users`
--

CREATE TABLE `users` (
  `id` bigint(20) UNSIGNED NOT NULL,
  `name` varchar(255) NOT NULL,
  `email` varchar(255) NOT NULL,
  `phone` varchar(10) NOT NULL,
  `appartment_number` varchar(200) NOT NULL,
  `building_id` int(11) NOT NULL DEFAULT 0,
  `area_id` int(11) DEFAULT 0,
  `address` text DEFAULT NULL,
  `area_address` text DEFAULT NULL,
  `email_verified_at` timestamp NULL DEFAULT NULL,
  `password` varchar(255) NOT NULL,
  `remember_token` varchar(100) DEFAULT NULL,
  `device_key` varchar(255) DEFAULT NULL,
  `created_at` timestamp NULL DEFAULT NULL,
  `updated_at` timestamp NULL DEFAULT NULL,
  `is_email_verified` tinyint(1) NOT NULL DEFAULT 0,
  `is_phone_verified` tinyint(1) NOT NULL DEFAULT 0,
  `agree` tinyint(4) NOT NULL DEFAULT 0,
  `two_step` tinyint(4) NOT NULL DEFAULT 0,
  `login_attempts` int(11) NOT NULL DEFAULT 0,
  `last_login` datetime DEFAULT current_timestamp(),
  `blockdatetime` datetime DEFAULT NULL,
  `user_level_id` int(11) NOT NULL
) ENGINE=InnoDB DEFAULT CHARSET=utf8mb4 COLLATE=utf8mb4_unicode_ci;

--
-- Dumping data for table `users`
--

INSERT INTO `users` (`id`, `name`, `email`, `phone`, `appartment_number`, `building_id`, `area_id`, `address`, `area_address`, `email_verified_at`, `password`, `remember_token`, `device_key`, `created_at`, `updated_at`, `is_email_verified`, `is_phone_verified`, `agree`, `two_step`, `login_attempts`, `last_login`, `blockdatetime`, `user_level_id`) VALUES
(116, 'Yahya Bakleh', 'bakleh99yahya@gmail.com', '0562438455', '4404', 5, 1, NULL, NULL, NULL, '$2y$10$sWL7louAZKvRgB6boaJD3.py6HXvWNPGx.etcXnl1gedhwnT3156G', NULL, 'cHw-aCd1SlChPrrQE4ehaG:APA91bErMfIyoDZWoUo5Y20ZTSl0Bb5WXRrcMD1bmNpci8g6vZF7MAKd0VfozVCEqpQ9GM0UqOZk6AZxbeURoIgeYPpNKtIhNwtrcvnfPCIRRaMpYAgLAA-QBorvsxImAois9t9xiUTG', '2023-02-22 01:41:40', '2023-02-22 03:04:18', 0, 0, 1, 0, 0, '2023-02-22 09:41:40', NULL, 0),
(117, 'kk@gmail.com', 'kk@gmail.com', '0000000000', 'm', 1, 2, NULL, NULL, NULL, '$2y$10$/jWjc9gvObrJIbguVKPo4edyRKPMki31g/A5TqpoImO56WAHo4Coy', NULL, 'ePcspvu8RGaFA4UiqEA3qb:APA91bGW_CsQdG8RYCru6wlZARatYuipgcQk8FzXYqnWfFDDHhEfezH1UIRPjybxUgA3-oP2luYd5eHoRmBgBySjtpGwf_r9GC-KznDkZ2WjfSQZt1x0QFB8Lalea-Yf9h95WFXu6DXl', '2023-02-22 04:52:27', '2023-02-22 04:52:46', 0, 0, 1, 0, 0, '2023-02-22 12:52:27', NULL, 0),
(118, 'kkn@gmail.com', 'kkn@gmail.com', '0852369524', 'f', 1, 1, NULL, NULL, NULL, '$2y$10$8Yk10tjVtEjP8QpvkML16egPL/615jBPemgdpcyZdJbWNfIZGoJFa', NULL, 'e1YqqwmlTVO8ZXuheVr_R8:APA91bFwD5UwMgJipcjEt8zr39D6c3FOZxKL4rE-pXiIkLUmpIN_NcU1DA0N_T8NFCzZ_Vca0RHrW9u_wflxgN_S2Bq2WGO2ZqsTUkFN9HL0mN1HfjOOM6OgxUOVo1LA8L0pjy1OMGD1', '2023-02-23 03:55:57', '2023-03-06 03:42:56', 0, 0, 1, 0, 0, '2023-02-23 11:55:57', NULL, 0),
(119, 'Yahya Bakleh', 'bakleh959yahya@gmail.com', '0562438355', '2706', 1, 1, NULL, NULL, NULL, '$2y$10$8GCEuABVnT4/J1uuEAGYMOqAHjCS1zkvkrfp6TX2f/QbSHzpIB7X2', NULL, NULL, '2023-02-26 01:32:46', '2023-02-26 01:32:46', 0, 0, 1, 0, 0, '2023-02-26 09:32:46', NULL, 0),
(120, 'kkop', 'kkn@gmail.con', '1538630111', '012', 1, 1, NULL, NULL, NULL, '$2y$10$LjqgS4IvTgwxFA/AnK40tOMIpgV.FkuEtYcw8fpkRtePJNcjXLHJa', NULL, 'cHw-aCd1SlChPrrQE4ehaG:APA91bErMfIyoDZWoUo5Y20ZTSl0Bb5WXRrcMD1bmNpci8g6vZF7MAKd0VfozVCEqpQ9GM0UqOZk6AZxbeURoIgeYPpNKtIhNwtrcvnfPCIRRaMpYAgLAA-QBorvsxImAois9t9xiUTG', '2023-03-02 04:44:03', '2023-03-02 04:44:49', 0, 0, 1, 0, 0, '2023-03-02 12:44:03', NULL, 0);

-- --------------------------------------------------------

--
-- Table structure for table `users_verify`
--

CREATE TABLE `users_verify` (
  `user_id` int(11) NOT NULL,
  `token` varchar(255) NOT NULL,
  `created_at` timestamp NULL DEFAULT NULL,
  `updated_at` timestamp NULL DEFAULT NULL
) ENGINE=InnoDB DEFAULT CHARSET=utf8mb4 COLLATE=utf8mb4_unicode_ci;

--
-- Dumping data for table `users_verify`
--

INSERT INTO `users_verify` (`user_id`, `token`, `created_at`, `updated_at`) VALUES
(6, 'G7QNciOBy1G0a3wjTkhvTTJcm4fUO2hamhrZqS1iBmyZAVahTW22fXjHwjaUpKaB', '2023-01-12 04:11:30', '2023-01-12 04:11:30'),
(7, 'z6cHYQTN1yHBDlpJ6xeWZ5SwxSp4edDFQlJWsctrJGrwMsDeO5sCBE4PVUD9Xgj9', '2023-01-12 04:11:55', '2023-01-12 04:11:55'),
(8, 'Qwu6SnA9hVr3w89AHKPDOHg1vY6fet0jon3cYHgwhXoyrLnhBxcQ1IzyKYeSfDIp', '2023-01-12 07:13:11', '2023-01-12 07:13:11'),
(9, 'IOClR39W7app0HGPEOchQbkVOI22DZoHF4q8lu1hyqVljCIt3uMkup8BrtmwOQWC', '2023-01-12 08:07:12', '2023-01-12 08:07:12'),
(17, 'mey6WUGrvi6RP9MfWraaIRlXdR0v7aszAVBrqXmtDjOxNzGEgBUe2scSf52p4pQB', '2023-01-12 08:32:56', '2023-01-12 08:32:56'),
(18, 'SmJUORMJqLOAHQFggd7GtedWT1hKOQRvaVlwNyoijoCmIGPaQeQ92dHBCwF8nlTE', '2023-01-12 08:33:53', '2023-01-12 08:33:53'),
(19, 'Gr6GS6MIF7ermisjpLXnR7Q2MzFhaNSoFNfFbCpVMc3ImTz2B1MNk2CmiDtCkWNx', '2023-01-12 08:33:59', '2023-01-12 08:33:59'),
(20, 'Yx1ErmA5yuCOnmyEyGgD9RcSIgP549LD6nSA5M1b2D4l4f7wMCw4X5BkCMhe2mBQ', '2023-01-12 08:34:40', '2023-01-12 08:34:40'),
(21, 'gKX1rzQMWgWY79gaTjiB8i6o0Zf7rmFrd0uDOQzF8ZxcYiPs9WzbLRLAiexbkZi7', '2023-01-12 08:37:37', '2023-01-12 08:37:37'),
(22, 'cmK4SkzPSZ0hrjHF0sjoRGSgJlojJ345uCaYwSnWr9zAObMGc3QkKgDVWhwOofXH', '2023-01-12 08:47:54', '2023-01-12 08:47:54'),
(23, 'zE1ggKRW4GTw5fmLjuTUO2MFGIJVQLN1idF5bqsK7CeF48DHj1yHtyGulApXl27q', '2023-01-12 09:34:13', '2023-01-12 09:34:13'),
(24, 'LPIMxfAKHEwJPNk4hctit0ggKyW0KmKU3Wmwb6x9wkrI9Ox17skOtcVRoBjBjFut', '2023-01-12 09:34:54', '2023-01-12 09:34:54'),
(25, 'DbXexcE87N277OYOwfPj3ppVAml3ieOOMrGB9TDbD0jqOOiW98pAhW7ZY57Hq4VD', '2023-01-12 09:38:45', '2023-01-12 09:38:45'),
(26, 'C49PagoLn9xIqMKUQH2ppXozQOSccyfqKwNKTA0e8wUaszwKEpO9r5SyHu1RsitL', '2023-01-12 09:40:10', '2023-01-12 09:40:10'),
(27, 'NJ3beDXJFKhtaIUyZLPxj2zXUla3ssbcGiHmv40MIPuWCcnZo3EUwXqv4HL8cqvv', '2023-01-12 09:41:11', '2023-01-12 09:41:11'),
(28, '4xxcuXu4s92oUcHBw5FVYPXNKFcSTpAmvoZH6uoZVDuY9EyRtvfcoCJgOBSHA45R', '2023-01-12 09:47:24', '2023-01-12 09:47:24'),
(29, '2gw5inzY6iCMB9FO00mVijZUvtdp4c44kwnGx3oOocDPX2HVWxyQl2DUzWm5qhnA', '2023-01-12 09:48:11', '2023-01-12 09:48:11'),
(30, 'Fxc3qPKdSnNsYYvkuSXV7Rr3jrOJjfelRgfNY75v9PQdRtaCTdUadgtkMPReBqOY', '2023-01-15 01:54:37', '2023-01-15 01:54:37'),
(31, '3nhdtbnTYT50o4UIYPsAhJuG39IiSgOGRRgiINO2mCSB4uTZl4isflApYsyLY7Jh', '2023-01-15 02:22:52', '2023-01-15 02:22:52'),
(32, 'x7wjtReV5rEljhIWf1tJzYMXYywXpnV5Cr4ec5DmujrdWQyGE8zEVxKv5blJatsZ', '2023-01-15 02:24:06', '2023-01-15 02:24:06'),
(33, '188sJ7BsQAVeUuPgvwbkQn1cfsHlXfk1XWMKgxt1f952CJjXEwpNIpgsPAoGkv9z', '2023-01-15 02:45:01', '2023-01-15 02:45:01'),
(34, 'gtoY6qCqfSycTzVJZecEXPqw8CW4YykkeZt2W8EEDALetP8qDiZVG0EhpzySzhwA', '2023-01-15 02:53:26', '2023-01-15 02:53:26'),
(35, 'cyxQwr31ibMgtbBsNzoPW7zTEAzyK6zGem33i7DaSeV08Dvs6aAqEwdU22bp839s', '2023-01-15 03:02:29', '2023-01-15 03:02:29'),
(36, '1KpHwaMxrdH9uGYK3YDCc7P8jD6jBFBwqoixngcurJcEhtCMHPzNrTitxBsX3ZmY', '2023-01-15 03:05:05', '2023-01-15 03:05:05'),
(37, 'iDwN8jjZ6grstPFe1RJj4xDJ8b4xxcNi3fK0rxzwu3r4SvXV0ZLE1GF6lsXQHV7j', '2023-01-15 03:05:55', '2023-01-15 03:05:55'),
(38, 'xlyHRu5nEkm3tYwIQiid4wg5G7lEXaYr6ziDoVSaj2uCHRd1eaA7iHpLU9lJepB6', '2023-01-15 03:18:04', '2023-01-15 03:18:04'),
(39, '4CH9EEt7QaGfWn7ireH4COHGq80rxjMaHx6S8rXN91qTXS9yErq6OwkK21G6gnkr', '2023-01-15 03:21:25', '2023-01-15 03:21:25'),
(40, 'UqTcZINGeqKfE7FXs7fGF0sJ9YYA78QWRv7vcxdaTJM5RVtKBLkBTJ44LD9XHPg3', '2023-01-15 03:26:01', '2023-01-15 03:26:01'),
(41, 'Ls6ES16FLG0VPkbEoz93oy5e1k3vT8cOOGxWXLSumYU88f6UnheqAochjL4JZxs0', '2023-01-15 03:29:56', '2023-01-15 03:29:56'),
(42, 'dxVCXecZeKCjUTYcxtIhlPfhhsnnng2oqHSDd8VBqvEK1y9pNWpP4KXUPQLT8Tkf', '2023-01-15 03:32:00', '2023-01-15 03:32:00'),
(43, 'l9uAXJrbEEYkbfmoUmu5dQnMiyGCqCwPAhahNdFihGey0ypwdtkO9vUrJik0znqz', '2023-01-15 03:38:24', '2023-01-15 03:38:24'),
(44, 'XsKF1YAcdtpQbP3O0QODRZUlLeZR7cyisjCis04klFxyrqApz9qPm5kVRdYq0N69', '2023-01-15 03:40:22', '2023-01-15 03:40:22'),
(45, '0p34oBzZ8T16qyIvyVKRfLx9xa3v82WdXV90lMpYpXtvI8Nz0SbsF7NiaXwkblcT', '2023-01-15 03:51:14', '2023-01-15 03:51:14'),
(46, 'X6FpNtArMoB56dWhW7KDrN7xaNOSI7YvAHgDqSEFEj3Lz7jsO75OlltOY7M4cOXi', '2023-01-15 05:58:17', '2023-01-15 05:58:17'),
(47, 'Gz3gpwhjjHIVATNl9fjD3dJi1hVSRZGpVVnQ53zTVGxv2QDi9e1d7dEuZ7ej9CzM', '2023-01-15 06:01:57', '2023-01-15 06:01:57'),
(48, '6qmvxATZ34vlTz0Yxb8yr9Oj6AMW3AtUQo8euKb5hQ92vqer9wbCWNYPyl0m9yQc', '2023-01-15 06:25:15', '2023-01-15 06:25:15'),
(49, 'CDtJ8hdX956zwGdpIUCySW6E6tUb5Od4lrvtgFz6jT1z6SJgv0EYvMOaJ0remAxo', '2023-01-15 06:56:05', '2023-01-15 06:56:05'),
(50, 'weEMQZVbRTtMPIGqVLu6R2IPpPM7sMOW6Ns1LwLBmz2q21apbIkf1njhfOqXTq00', '2023-01-15 07:00:10', '2023-01-15 07:00:10'),
(51, 'mEn92sFtdOFuK5AcvcD0KeTfgTDE1mygiU9wTsYTD0VtrNELrk9E2hYH0LpKgnmA', '2023-01-15 07:04:51', '2023-01-15 07:04:51'),
(52, 'QFaB0SwcSaBcLQ0PHIMSmcRR5WMBvsRYHqUFRKHqfRyiOjJeRw3KJAIng2q3fLjV', '2023-01-15 07:06:42', '2023-01-15 07:06:42'),
(53, 'SckhCBjLJKhWj8WYoxWgJiyd8W3e7LmTco2Fc4A9YbdcsDEBORgJ00OIuTOAcgT2', '2023-01-15 07:32:10', '2023-01-15 07:32:10'),
(54, 'lRtBGGTBDfGzdA4K34C23NVGBzHWHMoyYAJ5i865zh08CjLbOkTqaHqnjjpJsMXT', '2023-01-16 06:32:40', '2023-01-16 06:32:40'),
(55, 'OI39HelwArMZmvuQObNCT5zp7EbWaG0Vwi788LADKg2QyFpw1PSZSavaVGgEoRwb', '2023-01-16 06:38:51', '2023-01-16 06:38:51'),
(56, 'cjrBSqGWdKje9cICe7kOr03DoiAw8LM2mJNf1OFC8O5HLcwRBwhLZjAT21CvkIYr', '2023-01-18 08:00:30', '2023-01-18 08:00:30'),
(57, 'k6cZLogia3yNEX5LRopkN2254ZHXl2KR0W9zsr3D1d4nnkrB6a7XyRf6Gmx9iSpf', '2023-01-19 03:44:02', '2023-01-19 03:44:02'),
(58, 'mFYxSzE4K3U1atnjc83VHX54y3m0b23DDeNjAytC5Q1cCS00bRVt9J0lzTlspSlO', '2023-01-19 04:30:05', '2023-01-19 04:30:05'),
(61, 'b06scXkM4iTR6fdMKiV8C92ZRQq4Zri3s0KzoMaukcVpRJMCValiyFpgvQiKooMA', '2023-01-19 06:50:07', '2023-01-19 06:50:07'),
(62, '1FBb6R5vPJX3CSt3xcumsdeEnJgZB6LmeaXWUlvF0SRrZnKX3g6TtCNlLKwGXYWI', '2023-01-22 03:32:15', '2023-01-22 03:32:15'),
(63, 'BtiuH3yelWKuivZ6vIKq3myUepUVAEZwIySUFC5mRudCoSeDU8CTZqBUfFZbjYCb', '2023-01-22 04:36:01', '2023-01-22 04:36:01'),
(64, 'u7nb907IyZrZ8dddPkI7OhFa9DZVa6YSy6cowM6o66vFLGyVwnlIqCNVFxLlWuwW', '2023-01-22 06:19:26', '2023-01-22 06:19:26'),
(65, 'HLNqW099H3Ml97Wls2Y2srQu1FzopmMSB45bfSNtnTc8WNpBGVCLMES8DiPhcDGc', '2023-01-22 07:47:43', '2023-01-22 07:47:43'),
(66, 'js8qb8ztV4rs1DBZ6ImbCvatxCflIac3OSzOe9ovisV357tU4e3FziXl3W6ICErM', '2023-01-22 07:55:34', '2023-01-22 07:55:34'),
(67, 'Yj9MaaqQmXFNVqMdrhG5DfO7qs9IDNK9pcDogqM9WyACRJgleP79JK4ffuXGDXSw', '2023-01-22 08:21:43', '2023-01-22 08:21:43'),
(68, 'OTYP4CGYF2bLT6ASVzSvpBoUpMie8ANcXWdjtiNIX38aD4xXgcl8PA2BZvRk5Er5', '2023-01-23 01:45:56', '2023-01-23 01:45:56'),
(69, 'Uxgefjp3mm24qLmsoHB7uHaTmYyCvbuBb9jczdkKXBEWK2nfYvEGtlk2kmpxPGZc', '2023-01-26 06:08:58', '2023-01-26 06:08:58'),
(70, 'PFCVcqIYgdOnzLvyqthuWXr6jSjtKVnqPhNS3qKjLjiMV4BAOGONiWr0kjC80Ekj', '2023-01-29 07:17:29', '2023-01-29 07:17:29'),
(71, 'UHX9LH75saFNHXQ6r50XjYWjXQDCYXnTji6s0HGVkU8rA8nkdJOGyAhawj6z2vjg', '2023-01-29 07:22:45', '2023-01-29 07:22:45'),
(72, 'rv4k6ufJ4BCQbrHpJFmcdTRpEkmsJgN1gJ92VzkR7OQnGR67HlLHoBx0SKjdKCPX', '2023-01-29 07:24:53', '2023-01-29 07:24:53'),
(73, '7dFTv245QRB50rPdpV4ysDnzg6X3lWF87lJRvY7ksBtTaruSAhviQNVLlzLGeu1j', '2023-01-29 07:38:03', '2023-01-29 07:38:03'),
(74, 'R5cGH46rPonJR8om4JGMB1BtuYAYmPj64pZWX3iOhAloA8DI0QYnrjTUKo1gi4WW', '2023-01-29 07:48:19', '2023-01-29 07:48:19'),
(75, 'NP3SSagt2lCKH3WTrvA7WQqIiHWdFHaTmDzT3jhLHppeMENTZoxcLLsrY2cxIX6c', '2023-01-29 07:57:23', '2023-01-29 07:57:23'),
(76, 'gjIn5HJIHyXDph9WTOXB3LzhaQvLTnPKc1MWdITRC9DTUdmpeKjXyCqLcAKK8EAT', '2023-01-29 08:21:30', '2023-01-29 08:21:30'),
(77, 'ONy4K3h2yLijC89fo6emPS3hy2s0oBUuWp62p5lpkK8wdqbgE1J9I45GRdvdrbNI', '2023-01-29 08:41:56', '2023-01-29 08:41:56'),
(78, 'u9oMVdrEXztnJCmoV3nAMYV2Mt6Q4EtCsOl4ssLdGQ8rzbFVRqDlBI5aqXEAENgg', '2023-01-29 08:46:59', '2023-01-29 08:46:59'),
(79, 'gji0utjPwYq5SffIDjx4m9uE0W9CZwBrHpsH52nZW7QOAknMzjIo10J0bvAYbH8W', '2023-01-29 08:57:48', '2023-01-29 08:57:48'),
(80, '48JVRk9xCB3ywuEUC20xktOzvhNPXgUECz0Dinen5bi3wC3Cm6hymWXv07zh30lU', '2023-01-29 09:06:48', '2023-01-29 09:06:48'),
(81, 'lPYuYi03iZwiBHxmHtb8Mw34y2INdec9FT8LVWivsaeSWdPX9hLNKaE2GsBpy5OV', '2023-01-29 09:41:45', '2023-01-29 09:41:45'),
(82, 'XxkSYDtMUkuPblLILWHF0Nzdbm4hUxh33SAxNhKglkQ7XJUxkegmp9laNhzupVIY', '2023-01-29 09:53:06', '2023-01-29 09:53:06'),
(83, 'zzSdWZauHCrFDyYV4ukyHgVGQwIUUNHmToZm4yjxTQlEXgTlweLBP537uniAoEbK', '2023-01-29 09:56:36', '2023-01-29 09:56:36'),
(84, 'av15bJKFJhh8wEONhR59G1aX0k1rqRDPLtvT2xY5m7IoHHK44WWp30vQGdBGw6kb', '2023-01-30 01:53:46', '2023-01-30 01:53:46'),
(85, 'HV4rTWI5e71zfyHxd7BzcxUYXBF3ji3RX9ljQ9ErgUKtCVuRPlkr1hfIMJSG7izf', '2023-01-30 02:15:06', '2023-01-30 02:15:06'),
(86, 'zgKbI2caVjK55d4P2gV30sAkj4GyJxeODT3Gytp9ZMikDZ5l9eV36OfAwQyzG3AV', '2023-01-30 02:18:22', '2023-01-30 02:18:22'),
(87, 'G0maK5sMnUhFaTYbgVRzw8rkQgEtb5OlUfZF2b282woFQaqnBcbWQ20of9MSCtEQ', '2023-01-30 02:23:11', '2023-01-30 02:23:11'),
(88, 'mog2AL6ZZ3IQvU9mqW1To6yEJjKhT3PzocB7ilf4Jmqhp4hrcz4FVcFUpLlKXSZB', '2023-01-30 02:28:50', '2023-01-30 02:28:50'),
(89, 'KueOgH0EWn4lG9ImipGWWG9BJ5IijLPq9mrLiSKkOC62sORo3rTKz67hDwlN3gRx', '2023-01-30 02:33:14', '2023-01-30 02:33:14'),
(90, 'gZDyZweoDw3bORvjnqMPe7metUBG4O5Hjjd5hFEO3VIdbUw0waYdfhqkHXKIihER', '2023-01-30 02:41:31', '2023-01-30 02:41:31'),
(91, '16rDYXq3LI4HXLGmNQadrf4f5EB7kZxtYQk2BuZy2WJGH4vdPO0iHI18iZ8uHeoi', '2023-01-30 04:19:31', '2023-01-30 04:19:31'),
(92, 'qKKXuw3tI7r6NRtgBnZBujj7N2SKmCEMVJm8LKJC0ajNkEEirNSYcTsHZQBHYWpS', '2023-01-30 08:31:49', '2023-01-30 08:31:49'),
(93, 'GkOex7ZhAoOe2dRgzOWAQr8l3jLWqkYZZAXToaR6wpqTc3WMONxQVB0ePWq3r6dE', '2023-01-30 08:48:36', '2023-01-30 08:48:36'),
(94, 'ixUtUyty0GLdotacclf1uXpG6AS77rilIL4jaQciNr1dyVoMkUp3n6guqRexZZ2c', '2023-01-30 09:13:26', '2023-01-30 09:13:26'),
(95, 'BSwZ3DjNPV8pbmMr2XlDupg3AoLD4ILm7dSIIHacOVUIvpGp4p1jESjoWqDIdfAY', '2023-02-05 01:49:59', '2023-02-05 01:49:59'),
(96, 'kV3uEIgXd0zOZgvcDqXXmUngdkctKZAVSGIGdv8vGDzki2lxpPeLKy4YIxKkjKQQ', '2023-02-08 10:00:31', '2023-02-08 10:00:31'),
(97, 'RR9O8s2JIHBRQ3YlSoU2GfNjN6Cz6xNccx8bmO43E3NxWeLXbrD1C8wL23bkInsD', '2023-02-09 02:11:45', '2023-02-09 02:11:45'),
(98, 'sDzCEllLx80LAmeKKDAuC5GFUYpOGW04ufC0T5DIEqEYtecigRJcN6BQrEdnRfzY', '2023-02-09 03:22:46', '2023-02-09 03:22:46'),
(99, '1cUcpg5MRi4QtlPOkpIXZ1TMNkAqwAQErdACA9nNnDPshhEyjij9vMbrcyjaUbZA', '2023-02-09 03:28:25', '2023-02-09 03:28:25'),
(100, 'D7ZCyjL4ZaWOHHqJ5AE6At7Xf6yzinEm85ySZvP1WOec27jadKvhJpnLe1XL7ZYe', '2023-02-09 03:29:09', '2023-02-09 03:29:09'),
(101, 'vQxVKKlJ5QI0PcZHwJFdSeuzkur0QIHbrQjgV0PfqMAmK9ZZD0JAR3go4Ya7gEzn', '2023-02-09 03:40:01', '2023-02-09 03:40:01'),
(102, '78jnXylVqruiIYFQVm7svrG07kXiVIdDPZRwkSEVE5Nk00G2imJU7TrySueAOQIC', '2023-02-09 03:42:59', '2023-02-09 03:42:59'),
(103, 'nt1mPWqu30iqeb8ws4dymjAwArtiTUhGuLJTEc9i0mx3OYOc5TfTrKQqgTQ5BUzM', '2023-02-09 04:20:26', '2023-02-09 04:20:26'),
(104, 'Fy2VqYNJ8vHMs1H6tuoZXmwp8ozfL5AM1JXbvm2YFuSLnYIsw9gyNV1YMZ2vwGov', '2023-02-09 04:25:37', '2023-02-09 04:25:37'),
(105, 'kIeVi79kJVyV8zTxp5M1swfRNFlCHFDnfNWR1CCf4lkErOETSQB1iANO1j0jFsuV', '2023-02-09 05:08:20', '2023-02-09 05:08:20'),
(106, 'uwKSv86L0XnT3tK9FkYhYWcVSCSMZhZoXvfwWQFlHZWQlM3Bj2z2qPEpNl4rMnCc', '2023-02-09 06:46:01', '2023-02-09 06:46:01'),
(107, 'mDZKvlqB2iLPVpVeC3fanSPpDGMV6U6nhYqNmoPa8s9suMDQ3W7RkDsh91vsoQlD', '2023-02-09 07:59:29', '2023-02-09 07:59:29'),
(108, 'zIr0EHmAj5EOrBQxeXtHE624PrEPpLS2x2htvu61heVo0SvqnR386fR1iOgTmGGJ', '2023-02-12 02:25:17', '2023-02-12 02:25:17'),
(110, 'jku9yXd8Q5AwxO64fWYlMLHerObCWNkW2cO5ONA9A3UJiRg1L3kHZ4wcRdk18LaC', '2023-02-15 03:18:54', '2023-02-15 03:18:54'),
(111, 'NWWHybGwlqQyZk1XUazoWzfP80YlCWttuhUwUZcBOcVXCdK9jNUUmMacX1c0SU9d', '2023-02-15 06:44:58', '2023-02-15 06:44:58'),
(112, 'xiWEKZyZ8583L9gEc8Eoq0tS0aeSKc8uxgpjJv34CLo3DvswEYkrpI1Dns8BaxYs', '2023-02-15 06:47:15', '2023-02-15 06:47:15'),
(113, 'VJkSvgBq1R1m9IVd28mNW65oeW1sIrXn3POfdrX0QJVx0EcPo20BZS0FLxRegif8', '2023-02-15 07:07:28', '2023-02-15 07:07:28'),
(114, 'dZY7cchuTVuTTpIIBncxbJ7M1g6DHO2d7kizkLWmTcIGEULwua63B4OP0uBPnhL4', '2023-02-16 01:36:24', '2023-02-16 01:36:24'),
(115, 'QfqCVHkcuUqPy0YeFbVelSwSU8CWJr2KEHa5zQsu5c8oMUQXMV43zIJ3jPirQoEL', '2023-02-21 03:57:23', '2023-02-21 03:57:23'),
(117, 'UboveOBS7fBin3r4mu1womdGGFXJIYlB3UcVYNOe9RW3iMyoxfoZm1RNuyrCMD79', '2023-02-22 04:52:27', '2023-02-22 04:52:27'),
(118, '3sFtJslVPBBBgsPSY27YJPz3Pgou6Xg7Vf4m44GtWqypap0Vy4l1Lx9Ey7HBjUnj', '2023-02-23 03:55:57', '2023-02-23 03:55:57'),
(120, 'nhEwVn3kN1i9CZDb4ztYXHudRWLxl5rbvUQ0u2QxZNuClHAPdh7qyWU91vn0Q0aF', '2023-03-02 04:44:03', '2023-03-02 04:44:03');

-- --------------------------------------------------------

--
-- Table structure for table `user_level`
--

CREATE TABLE `user_level` (
  `id` int(11) NOT NULL,
  `name` varchar(255) NOT NULL,
  `created_at` datetime NOT NULL,
  `updated_at` datetime NOT NULL
) ENGINE=InnoDB DEFAULT CHARSET=utf8mb4 COLLATE=utf8mb4_general_ci;

-- --------------------------------------------------------

--
-- Table structure for table `visitor_address`
--

CREATE TABLE `visitor_address` (
  `id` int(11) NOT NULL,
  `address` text NOT NULL,
  `fcm` varchar(255) DEFAULT NULL,
  `created_at` datetime NOT NULL,
  `updated_at` datetime NOT NULL
) ENGINE=InnoDB DEFAULT CHARSET=utf8mb4 COLLATE=utf8mb4_general_ci;

--
-- Dumping data for table `visitor_address`
--

INSERT INTO `visitor_address` (`id`, `address`, `fcm`, `created_at`, `updated_at`) VALUES
(5, 'al satwa', 'cHw-aCd1SlChPrrQE4ehaG:APA91bErMfIyoDZWoUo5Y20ZTSl0Bb5WXRrcMD1bmNpci8g6vZF7MAKd0VfozVCEqpQ9GM0UqOZk6AZxbeURoIgeYPpNKtIhNwtrcvnfPCIRRaMpYAgLAA-QBorvsxImAois9t9xiUTG', '2023-02-08 06:49:19', '2023-02-08 06:49:19'),
(6, 'kkkkk', 'cHw-aCd1SlChPrrQE4ehaG:APA91bErMfIyoDZWoUo5Y20ZTSl0Bb5WXRrcMD1bmNpci8g6vZF7MAKd0VfozVCEqpQ9GM0UqOZk6AZxbeURoIgeYPpNKtIhNwtrcvnfPCIRRaMpYAgLAA-QBorvsxImAois9t9xiUTG', '2023-02-08 06:52:11', '2023-02-08 06:52:11'),
(7, 'kkkkkkm', 'drzkfrhOQgeovKS6woQ4tW:APA91bGp1_Fi1PxRveqtToY-gdSuWEOHrB3wt4wlCGc6vJZqXoF6NYfTaZOnR-xLcKvzIHr-CwzEA4VnAtprHrt-BVO99CAiTgVx0L8sYlsTxM-7WCWbaRFKHhbBeTgV54oFQSCJ62fS', '2023-02-08 06:59:26', '2023-02-08 06:59:26'),
(8, 'kkkkkk', 'f9J88I5oQf2Ww0taxq4YUJ:APA91bGLlhO9RCtVofVouXm_P9pY6VQ2-aZLg9BhQR-GX6HuyfbHOSpfcjae-XFLdv4A4xi52CLdFAdxHl9qAq9gKVgbY2mRFvgeEnC8Y2yaMInuYCZHvosnVEwLL_mEWGC-xID_Zk_O', '2023-02-08 07:18:10', '2023-02-08 07:18:10'),
(9, 'kkkkkk', 'f9J88I5oQf2Ww0taxq4YUJ:APA91bGLlhO9RCtVofVouXm_P9pY6VQ2-aZLg9BhQR-GX6HuyfbHOSpfcjae-XFLdv4A4xi52CLdFAdxHl9qAq9gKVgbY2mRFvgeEnC8Y2yaMInuYCZHvosnVEwLL_mEWGC-xID_Zk_O', '2023-02-08 07:18:14', '2023-02-08 07:18:14'),
(10, 'kkjkhhjhh', 'cg7QZWvwQXqlxyK7XeYyJc:APA91bGcLzNHPeMpT8ILpiFEO317uilPMbg2mCz9tNmS4naSkjrWwTntSRpk7mpsy2O0vi0ESplv69LV4bKDTH4_rHkMBvENMPsO9RmgHNabKjtx6yFhTml12L60lRH_QVHlO-8wIldw', '2023-02-08 07:22:34', '2023-02-08 07:22:34'),
(11, 'fsddfsfsfhfjas', 'fsFjt5aAQgiPHkH-xDMFgn:APA91bEA-GqsmCdIH3CPkk9LgLwXTliIEqiUniPI0-uNep1wK0Z7ScSkQqeLOzPfk8dUeLG1BtyrcPZfmh7QgwwXP_z6jcrd924WBjTiaqp1W0YaN6E1Opi6pVBUQQG0U8i494Ze-TVJ', '2023-02-08 07:30:48', '2023-02-08 07:30:48'),
(12, 'kkkkkk', 'ejYkQS2vQ2C_Ss5EOLvYbQ:APA91bHT_suzMn3-i0WPVmYZuJE3mYQ_uLj_jYEihesGXy0GSZ0ZZn3-oURocctex1OIS2HIoqipWZ3dvxnw_ac0GdUCK3I_obxVXs3_-oZFli_hH5ld9fQPziQd7he_ZFe-p4d-2KTa', '2023-02-08 08:08:23', '2023-02-08 08:08:23'),
(13, 'hjggjhhghhghh', 'eB9vOL3cQT24oeoCJBt8fh:APA91bE_g2_0SV-2VgoPcKD3PioNH_HFO8qg8qgxVHJjRzkillp2OZf0dH9WOJ3Jbt4fFnh1UxUwNm3W57BAHZjSOBSTCpll_Pnz31Ot6p2MJJMV7_UL8gNCESRFaShpeAX8HX-kbQHb', '2023-02-08 08:12:29', '2023-02-08 08:12:29'),
(14, 'kkkkkk', 'dmnpKvjITp2j410DN8unOz:APA91bH8DHMu74JYGmMU_21babG_xYjj22w1DD0224e190XADpZ414TC0KvnnBH8R8LLAYeRN6L18WUQ4QZxgYnbwgyddw6N082pc2yEwmdF4RaQGBB_dyiYzB5lcjLry8OzY4Ff2Ls3', '2023-02-08 08:14:24', '2023-02-08 08:14:24'),
(15, 'kkkkkkk', 'ftQqAE6ARDaXA2o8XjU6tp:APA91bGscGWG33wPK1aCRhpI9Kh4hltbwv5bBlCJbZFEXJTZlreUdGm3OUF7w1POx8wE7-AGO5ZvwDf2tPEwYn1RS1HpjfcU89zrxZtzdxTdQLXaNwp_K_cepKpZgAI70V57UXlFVQz3', '2023-02-08 08:19:55', '2023-02-08 08:19:55'),
(16, 'jhjxvjcgxcgxvx', 'cnOEf88kSwyTOqFHqzdQxf:APA91bEabC1e9QaU-msERKyuohYV4a3aCLO2Um3-QbpCTVVHbv52utJ083InX-FeHvBEZhbITGFq5VIsx-Ud3sZtFJ05GndLZ0oH4UlH94ul675-Da5NYbQBG71ttHZPRdWlifDN8_bj', '2023-02-08 08:22:05', '2023-02-08 08:22:05'),
(17, 'llllll', 'ebo8LT0oSDOjFeW0_5f_Gu:APA91bGjbfKDJ6SE6hVwVhVgiaQhl7pLuMgIE6LXc72sUhGfURwIp0RUw7x63IIy14H9nJOGz4fLccPvYNVJh-y7uNieMJ9mc4VOovzhXeCvAWHpx_1WFfmHlYirqQbWVi-7LrRSfh3a', '2023-02-08 08:38:01', '2023-02-08 08:38:01'),
(18, 'fghhhu', 'fDTrTvlITB-o0kSDFeRIzd:APA91bHGFbKw3OdG_AZ1uzMa6Y441tFPk2fWpltFdx8HDYeLoublOHYqb4Blc8va4Z4f-wWFx5GOzgxB7x6sTfDa9z36NwsNuSBcLIAsQjfNJHFRTizRk-l_e4yDxxk5w2GlqldUtKVb', '2023-02-09 11:21:30', '2023-02-09 11:21:30'),
(19, 'dmfhsdjfjsfjfdfjs', 'duFs9ssUSlimYhnOtEW3CO:APA91bFqj_VtGWwVN3u50FLIN2NWHRJc57FmRHW_m_saX8XTHbJ9xvPnMip_-2E312Qa6z6rXma3vEWNvIp0JylRbApXMjkR-I5otRellY7R2EevzEh7m-QC9SfuBJMa-697X-Oj2Whx', '2023-02-09 11:35:51', '2023-02-09 11:35:51');

--
-- Indexes for dumped tables
--

--
-- Indexes for table `admin`
--
ALTER TABLE `admin`
  ADD PRIMARY KEY (`id`),
  ADD UNIQUE KEY `email` (`email`);

--
-- Indexes for table `areas`
--
ALTER TABLE `areas`
  ADD PRIMARY KEY (`id`);

--
-- Indexes for table `building`
--
ALTER TABLE `building`
  ADD PRIMARY KEY (`id`),
  ADD KEY `buildingarea` (`area_id`);

--
-- Indexes for table `building_services`
--
ALTER TABLE `building_services`
  ADD PRIMARY KEY (`id`),
  ADD KEY `servicesbuilding` (`service_id`),
  ADD KEY `buildingservices` (`building_id`);

--
-- Indexes for table `cars`
--
ALTER TABLE `cars`
  ADD PRIMARY KEY (`id`),
  ADD KEY `usercar` (`user_id`);

--
-- Indexes for table `categories`
--
ALTER TABLE `categories`
  ADD PRIMARY KEY (`id`),
  ADD KEY `servicescategories` (`services_id`);

--
-- Indexes for table `config`
--
ALTER TABLE `config`
  ADD PRIMARY KEY (`id`);

--
-- Indexes for table `failed_jobs`
--
ALTER TABLE `failed_jobs`
  ADD PRIMARY KEY (`id`),
  ADD UNIQUE KEY `failed_jobs_uuid_unique` (`uuid`);

--
-- Indexes for table `locker`
--
ALTER TABLE `locker`
  ADD PRIMARY KEY (`id`),
  ADD KEY `building_locker` (`building_id`);

--
-- Indexes for table `locker_user`
--
ALTER TABLE `locker_user`
  ADD PRIMARY KEY (`id`),
  ADD KEY `locker` (`locker_id`),
  ADD KEY `user` (`user_id`);

--
-- Indexes for table `migrations`
--
ALTER TABLE `migrations`
  ADD PRIMARY KEY (`id`);

--
-- Indexes for table `notificationMangment`
--
ALTER TABLE `notificationMangment`
  ADD PRIMARY KEY (`id`);

--
-- Indexes for table `notifications`
--
ALTER TABLE `notifications`
  ADD PRIMARY KEY (`id`);

--
-- Indexes for table `orders`
--
ALTER TABLE `orders`
  ADD PRIMARY KEY (`id`),
  ADD KEY `orderuser` (`user_id`),
  ADD KEY `serviceorder` (`service_id`);

--
-- Indexes for table `order_date_time`
--
ALTER TABLE `order_date_time`
  ADD PRIMARY KEY (`id`),
  ADD KEY `orderdetailtime` (`order_detail_id`);

--
-- Indexes for table `order_details`
--
ALTER TABLE `order_details`
  ADD PRIMARY KEY (`id`),
  ADD KEY `orderdetail` (`orders_id`),
  ADD KEY `subservicesorder` (`subservice_id`),
  ADD KEY `stafforder` (`staff_id`),
  ADD KEY `ordercategory` (`categories_id`),
  ADD KEY `carorder` (`car_id`),
  ADD KEY `lockerorder` (`locker_id`);

--
-- Indexes for table `password_resets`
--
ALTER TABLE `password_resets`
  ADD PRIMARY KEY (`email`);

--
-- Indexes for table `personal_access_tokens`
--
ALTER TABLE `personal_access_tokens`
  ADD PRIMARY KEY (`id`),
  ADD UNIQUE KEY `personal_access_tokens_token_unique` (`token`),
  ADD KEY `personal_access_tokens_tokenable_type_tokenable_id_index` (`tokenable_type`,`tokenable_id`);

--
-- Indexes for table `promotion`
--
ALTER TABLE `promotion`
  ADD PRIMARY KEY (`id`);

--
-- Indexes for table `promotion_subservices`
--
ALTER TABLE `promotion_subservices`
  ADD PRIMARY KEY (`id`),
  ADD KEY `promotion` (`promotions_id`),
  ADD KEY `subservices12` (`subservice_id`);

--
-- Indexes for table `services`
--
ALTER TABLE `services`
  ADD PRIMARY KEY (`id`);

--
-- Indexes for table `staff`
--
ALTER TABLE `staff`
  ADD PRIMARY KEY (`id`),
  ADD UNIQUE KEY `email` (`email`),
  ADD UNIQUE KEY `phone` (`phone`),
  ADD KEY `stuffofservice` (`services_id`);

--
-- Indexes for table `stuff_password_resets`
--
ALTER TABLE `stuff_password_resets`
  ADD PRIMARY KEY (`email`);

--
-- Indexes for table `sub_services`
--
ALTER TABLE `sub_services`
  ADD PRIMARY KEY (`id`),
  ADD KEY `subservices` (`service_id`),
  ADD KEY `subservicescategories` (`category_id`);

--
-- Indexes for table `time_slote`
--
ALTER TABLE `time_slote`
  ADD PRIMARY KEY (`id`);

--
-- Indexes for table `time_slote_subservices`
--
ALTER TABLE `time_slote_subservices`
  ADD PRIMARY KEY (`id`),
  ADD KEY `time_slote` (`time_slote_id`),
  ADD KEY `subservices_time_slote` (`sub_services_id`);

--
-- Indexes for table `two_step_verification`
--
ALTER TABLE `two_step_verification`
  ADD PRIMARY KEY (`phone`),
  ADD UNIQUE KEY `phone` (`phone`);

--
-- Indexes for table `users`
--
ALTER TABLE `users`
  ADD PRIMARY KEY (`id`),
  ADD UNIQUE KEY `users_email_unique` (`email`),
  ADD UNIQUE KEY `users_phone_unique` (`phone`) USING BTREE;

--
-- Indexes for table `user_level`
--
ALTER TABLE `user_level`
  ADD PRIMARY KEY (`id`);

--
-- Indexes for table `visitor_address`
--
ALTER TABLE `visitor_address`
  ADD PRIMARY KEY (`id`);

--
-- AUTO_INCREMENT for dumped tables
--

--
-- AUTO_INCREMENT for table `admin`
--
ALTER TABLE `admin`
  MODIFY `id` int(11) NOT NULL AUTO_INCREMENT, AUTO_INCREMENT=3;

--
-- AUTO_INCREMENT for table `areas`
--
ALTER TABLE `areas`
  MODIFY `id` int(11) NOT NULL AUTO_INCREMENT, AUTO_INCREMENT=14;

--
-- AUTO_INCREMENT for table `building`
--
ALTER TABLE `building`
  MODIFY `id` int(11) NOT NULL AUTO_INCREMENT, AUTO_INCREMENT=27;

--
-- AUTO_INCREMENT for table `building_services`
--
ALTER TABLE `building_services`
  MODIFY `id` int(11) NOT NULL AUTO_INCREMENT, AUTO_INCREMENT=66;

--
-- AUTO_INCREMENT for table `cars`
--
ALTER TABLE `cars`
  MODIFY `id` bigint(20) UNSIGNED NOT NULL AUTO_INCREMENT, AUTO_INCREMENT=71;

--
-- AUTO_INCREMENT for table `categories`
--
ALTER TABLE `categories`
  MODIFY `id` int(11) NOT NULL AUTO_INCREMENT, AUTO_INCREMENT=15;

--
-- AUTO_INCREMENT for table `config`
--
ALTER TABLE `config`
  MODIFY `id` int(11) NOT NULL AUTO_INCREMENT, AUTO_INCREMENT=2;

--
-- AUTO_INCREMENT for table `failed_jobs`
--
ALTER TABLE `failed_jobs`
  MODIFY `id` bigint(20) UNSIGNED NOT NULL AUTO_INCREMENT;

--
-- AUTO_INCREMENT for table `locker`
--
ALTER TABLE `locker`
  MODIFY `id` int(11) NOT NULL AUTO_INCREMENT, AUTO_INCREMENT=3;

--
-- AUTO_INCREMENT for table `locker_user`
--
ALTER TABLE `locker_user`
  MODIFY `id` bigint(20) NOT NULL AUTO_INCREMENT;

--
-- AUTO_INCREMENT for table `migrations`
--
ALTER TABLE `migrations`
  MODIFY `id` int(10) UNSIGNED NOT NULL AUTO_INCREMENT, AUTO_INCREMENT=6;

--
-- AUTO_INCREMENT for table `notificationMangment`
--
ALTER TABLE `notificationMangment`
  MODIFY `id` int(11) NOT NULL AUTO_INCREMENT, AUTO_INCREMENT=7;

--
-- AUTO_INCREMENT for table `notifications`
--
ALTER TABLE `notifications`
  MODIFY `id` int(11) NOT NULL AUTO_INCREMENT;

--
-- AUTO_INCREMENT for table `orders`
--
ALTER TABLE `orders`
  MODIFY `id` int(11) NOT NULL AUTO_INCREMENT, AUTO_INCREMENT=234;

--
-- AUTO_INCREMENT for table `order_date_time`
--
ALTER TABLE `order_date_time`
  MODIFY `id` int(11) NOT NULL AUTO_INCREMENT, AUTO_INCREMENT=314;

--
-- AUTO_INCREMENT for table `order_details`
--
ALTER TABLE `order_details`
  MODIFY `id` int(11) NOT NULL AUTO_INCREMENT, AUTO_INCREMENT=222;

--
-- AUTO_INCREMENT for table `personal_access_tokens`
--
ALTER TABLE `personal_access_tokens`
  MODIFY `id` bigint(20) UNSIGNED NOT NULL AUTO_INCREMENT, AUTO_INCREMENT=56;

--
-- AUTO_INCREMENT for table `promotion`
--
ALTER TABLE `promotion`
  MODIFY `id` int(11) NOT NULL AUTO_INCREMENT, AUTO_INCREMENT=9;

--
-- AUTO_INCREMENT for table `promotion_subservices`
--
ALTER TABLE `promotion_subservices`
  MODIFY `id` int(11) NOT NULL AUTO_INCREMENT, AUTO_INCREMENT=57;

--
-- AUTO_INCREMENT for table `services`
--
ALTER TABLE `services`
  MODIFY `id` int(11) NOT NULL AUTO_INCREMENT, AUTO_INCREMENT=13;

--
-- AUTO_INCREMENT for table `staff`
--
ALTER TABLE `staff`
  MODIFY `id` int(11) NOT NULL AUTO_INCREMENT, AUTO_INCREMENT=4;

--
-- AUTO_INCREMENT for table `sub_services`
--
ALTER TABLE `sub_services`
  MODIFY `id` int(11) NOT NULL AUTO_INCREMENT, AUTO_INCREMENT=30;

--
-- AUTO_INCREMENT for table `time_slote`
--
ALTER TABLE `time_slote`
  MODIFY `id` int(11) NOT NULL AUTO_INCREMENT, AUTO_INCREMENT=20;

--
-- AUTO_INCREMENT for table `time_slote_subservices`
--
ALTER TABLE `time_slote_subservices`
  MODIFY `id` int(11) NOT NULL AUTO_INCREMENT, AUTO_INCREMENT=84;

--
-- AUTO_INCREMENT for table `users`
--
ALTER TABLE `users`
  MODIFY `id` bigint(20) UNSIGNED NOT NULL AUTO_INCREMENT, AUTO_INCREMENT=121;

--
-- AUTO_INCREMENT for table `user_level`
--
ALTER TABLE `user_level`
  MODIFY `id` int(11) NOT NULL AUTO_INCREMENT;

--
-- AUTO_INCREMENT for table `visitor_address`
--
ALTER TABLE `visitor_address`
  MODIFY `id` int(11) NOT NULL AUTO_INCREMENT, AUTO_INCREMENT=20;

--
-- Constraints for dumped tables
--

--
-- Constraints for table `building`
--
ALTER TABLE `building`
  ADD CONSTRAINT `buildingarea` FOREIGN KEY (`area_id`) REFERENCES `areas` (`id`) ON DELETE NO ACTION ON UPDATE NO ACTION;

--
-- Constraints for table `building_services`
--
ALTER TABLE `building_services`
  ADD CONSTRAINT `buildingservices` FOREIGN KEY (`building_id`) REFERENCES `building` (`id`) ON DELETE NO ACTION ON UPDATE NO ACTION,
  ADD CONSTRAINT `servicesbuilding` FOREIGN KEY (`service_id`) REFERENCES `services` (`id`) ON DELETE NO ACTION ON UPDATE NO ACTION;

--
-- Constraints for table `cars`
--
ALTER TABLE `cars`
  ADD CONSTRAINT `usercar` FOREIGN KEY (`user_id`) REFERENCES `users` (`id`) ON DELETE NO ACTION ON UPDATE NO ACTION;

--
-- Constraints for table `categories`
--
ALTER TABLE `categories`
  ADD CONSTRAINT `servicescategories` FOREIGN KEY (`services_id`) REFERENCES `services` (`id`) ON DELETE NO ACTION ON UPDATE NO ACTION;

--
-- Constraints for table `locker`
--
ALTER TABLE `locker`
  ADD CONSTRAINT `building_locker` FOREIGN KEY (`building_id`) REFERENCES `building` (`id`) ON DELETE NO ACTION ON UPDATE NO ACTION;

--
-- Constraints for table `locker_user`
--
ALTER TABLE `locker_user`
  ADD CONSTRAINT `locker` FOREIGN KEY (`locker_id`) REFERENCES `locker` (`id`) ON DELETE NO ACTION ON UPDATE NO ACTION,
  ADD CONSTRAINT `user` FOREIGN KEY (`user_id`) REFERENCES `users` (`id`) ON DELETE NO ACTION ON UPDATE NO ACTION;

--
-- Constraints for table `orders`
--
ALTER TABLE `orders`
  ADD CONSTRAINT `orderuser` FOREIGN KEY (`user_id`) REFERENCES `users` (`id`) ON DELETE NO ACTION ON UPDATE NO ACTION,
  ADD CONSTRAINT `serviceorder` FOREIGN KEY (`service_id`) REFERENCES `services` (`id`) ON DELETE NO ACTION ON UPDATE NO ACTION;

--
-- Constraints for table `order_date_time`
--
ALTER TABLE `order_date_time`
  ADD CONSTRAINT `orderdetailtime` FOREIGN KEY (`order_detail_id`) REFERENCES `order_details` (`id`) ON DELETE NO ACTION ON UPDATE NO ACTION;

--
-- Constraints for table `promotion_subservices`
--
ALTER TABLE `promotion_subservices`
  ADD CONSTRAINT `promotion` FOREIGN KEY (`promotions_id`) REFERENCES `promotion` (`id`) ON DELETE NO ACTION ON UPDATE NO ACTION,
  ADD CONSTRAINT `subservices12` FOREIGN KEY (`subservice_id`) REFERENCES `sub_services` (`id`) ON DELETE NO ACTION ON UPDATE NO ACTION;

--
-- Constraints for table `sub_services`
--
ALTER TABLE `sub_services`
  ADD CONSTRAINT `subservices` FOREIGN KEY (`service_id`) REFERENCES `services` (`id`) ON DELETE NO ACTION ON UPDATE NO ACTION,
  ADD CONSTRAINT `subservicescategories` FOREIGN KEY (`category_id`) REFERENCES `categories` (`id`) ON DELETE NO ACTION ON UPDATE NO ACTION;

--
-- Constraints for table `time_slote_subservices`
--
ALTER TABLE `time_slote_subservices`
  ADD CONSTRAINT `subservices_time_slote` FOREIGN KEY (`sub_services_id`) REFERENCES `sub_services` (`id`) ON DELETE NO ACTION ON UPDATE NO ACTION,
  ADD CONSTRAINT `time_slote` FOREIGN KEY (`time_slote_id`) REFERENCES `time_slote` (`id`) ON DELETE NO ACTION ON UPDATE NO ACTION;
COMMIT;

/*!40101 SET CHARACTER_SET_CLIENT=@OLD_CHARACTER_SET_CLIENT */;
/*!40101 SET CHARACTER_SET_RESULTS=@OLD_CHARACTER_SET_RESULTS */;
/*!40101 SET COLLATION_CONNECTION=@OLD_COLLATION_CONNECTION */;
